cod_vendedor;data_inicio;data_fim;perc_comissao
1;2022-11-01;2024-05-21;4.08
1;2024-05-22;;4.4
2;2022-01-01;;3.38
3;2022-01-01;2024-05-10;3.57
3;2024-05-11;;4.07
4;2022-01-01;2024-08-21;4.18
4;2024-08-22;;4.63
5;2022-01-01;2024-09-27;3.24
5;2024-09-28;2024-09-29;3.82
5;2024-09-30;;4.49
6;2022-01-01;2024-07-21;3.27
6;2024-07-22;;3.6
7;2022-01-01;2024-04-18;3.23
7;2024-04-19;;3.56
8;2022-01-01;2023-08-14;3.84
8;2023-08-15;;4.05
9;2022-05-01;2024-05-19;4.46
10;2022-01-01;;3.1
11;2022-01-01;2023-11-01;4.41
11;2023-11-02;;4.87
12;2022-10-01;2023-05-29;3.73
12;2023-05-30;;4.11
13;2022-01-01;;4.3
14;2022-01-01;2024-01-04;4.78
14;2024-01-05;;5.22
15;2022-01-01;2023-10-21;4.35
16;2022-01-01;2024-07-25;3.59
16;2024-07-26;2024-09-03;3.86
16;2024-09-04;;4.12
17;2022-01-01;2023-07-01;3.96
17;2023-07-02;2023-08-11;4.45
17;2023-08-12;;5.13
18;2022-01-01;;4.33
19;2022-01-01;2024-07-17;4.06
19;2024-07-18;2024-05-30;4.73
20;2022-01-01;2024-01-29;4.01
20;2024-01-30;2023-07-06;4.43
21;2022-01-01;2023-05-21;4.42
21;2023-05-22;2024-05-18;4.73
21;2024-05-19;;5.2
22;2022-01-01;2023-09-09;4.49
22;2023-09-10;2023-09-26;4.75
22;2023-09-27;2024-06-26;5.09
23;2022-01-01;2024-06-06;4.52
23;2024-06-07;;4.83
24;2022-01-01;2023-06-14;3.96
24;2023-06-15;;4.58
25;2022-01-01;2024-04-05;4.59
25;2024-04-06;;4.88
26;2022-01-01;2023-02-09;3.62
26;2023-02-10;;3.89
27;2022-01-01;2023-09-02;4.33
27;2023-09-03;;4.55
28;2022-01-01;2024-07-01;3.4
28;2024-07-02;2024-09-28;3.67
28;2024-09-29;;4.1
29;2022-07-01;;4.18
30;2022-01-01;2023-06-14;3.9
30;2023-06-15;2024-06-22;4.58
31;2022-01-01;;4.51
32;2022-01-01;2024-03-17;3.73
32;2024-03-18;2024-05-28;4.01
32;2024-05-29;;4.37
33;2022-01-01;2023-08-30;4.69
33;2023-08-31;;5.03
34;2022-01-01;2023-08-08;4.18
34;2023-08-09;;4.44
35;2022-01-01;2024-01-17;3.7
35;2024-01-18;2024-02-20;4.3
35;2024-02-21;;4.88
36;2022-01-01;2023-06-03;4.07
36;2023-06-04;;4.34
37;2022-01-01;2023-05-12;3.75
37;2023-05-13;;4.17
38;2022-07-01;;3.87
39;2022-01-01;2023-11-12;3.8
39;2023-11-13;;4.14
40;2022-01-01;2024-01-12;4.68
40;2024-01-13;;5.24
41;2022-01-01;;3.44
42;2022-01-01;2023-03-30;4.51
42;2023-03-31;;5.0
43;2022-01-01;2023-02-13;4.11
43;2023-02-14;;4.73
44;2022-01-01;2023-10-12;3.81
44;2023-10-13;2024-03-08;4.33
44;2024-03-09;;4.83
45;2022-10-01;2023-06-05;4.79
45;2023-06-06;;5.5
46;2022-01-01;2023-06-23;3.97
46;2023-06-24;2024-09-06;4.25
46;2024-09-07;;4.94
47;2022-01-01;2023-08-15;3.96
47;2023-08-16;;4.21
48;2022-01-01;2023-02-02;4.61
48;2023-02-03;2023-10-22;5.4
48;2023-10-23;;6.28
49;2022-01-01;2023-12-01;3.71
49;2023-12-02;2024-05-10;4.09
49;2024-05-11;;4.62
50;2022-06-01;2024-05-10;4.37
50;2024-05-11;;5.03
51;2022-02-01;2024-01-07;4.13
51;2024-01-08;2024-11-23;4.58
51;2024-11-24;2024-06-30;4.96
52;2022-06-01;2023-04-08;4.37
52;2023-04-09;2024-06-30;5.07
53;2022-01-01;2024-08-17;4.14
53;2024-08-18;;4.65
54;2022-01-01;;3.69
55;2022-01-01;2023-03-30;3.54
55;2023-03-31;;3.87
56;2022-01-01;;4.64
57;2024-03-01;;4.05
58;2024-03-01;2024-11-29;4.47
58;2024-11-30;;5.15
59;2024-07-15;2024-09-21;3.59
59;2024-09-22;;4.11
60;2024-07-15;;3.56
61;2022-01-01;2024-08-31;1.78
61;2024-09-01;;1.92
62;2022-01-01;;1.93
63;2022-12-01;2024-01-09;2.0
63;2024-01-10;;2.26
64;2022-01-01;2024-04-08;1.98
64;2024-04-09;2024-05-16;2.14
64;2024-05-17;2023-11-07;2.51
65;2022-01-01;2023-06-23;1.71
65;2023-06-24;2024-11-08;1.94
65;2024-11-09;;2.26
66;2022-01-01;2024-04-15;1.99
66;2024-04-16;;2.16
67;2022-01-01;2023-10-25;2.11
67;2023-10-26;2024-01-23;2.47
68;2022-01-01;;1.24
69;2022-01-01;;1.61
70;2022-01-01;2023-04-27;2.2
70;2023-04-28;;2.56
71;2022-03-01;2023-08-14;2.03
71;2023-08-15;2024-01-07;2.23
71;2024-01-08;;2.47
72;2022-01-01;2024-03-07;2.08
72;2024-03-08;;2.39
73;2022-01-01;;1.37
74;2022-01-01;;1.76
75;2024-06-08;;4.45
76;2023-07-24;2024-01-25;4.24
76;2024-01-26;2024-05-19;4.99
76;2024-05-20;;5.33
77;2024-07-09;2024-08-14;3.48
77;2024-08-15;;4.1
78;2024-06-11;;3.11
79;2024-07-05;;4.13
80;2024-02-05;;1.3
81;2023-10-29;;4.32
82;2023-11-22;;1.34
