cod_produto_ref;ano;mes;custo_unitario
MED-0001;2023;1;2.31
MED-0001;2023;2;2.32
MED-0001;2023;3;2.37
MED-0001;2023;4;2.52
MED-0001;2023;5;2.57
MED-0001;2023;6;2.6
MED-0001;2023;7;2.51
MED-0001;2023;8;2.45
MED-0001;2023;9;2.41
MED-0001;2023;10;2.5
MED-0001;2023;11;2.46
MED-0001;2023;12;2.48
MED-0001;2024;1;2.47
MED-0001;2024;2;2.49
MED-0001;2024;3;2.53
MED-0001;2024;4;2.61
MED-0001;2024;5;2.6
MED-0001;2024;6;2.56
MED-0001;2024;8;2.59
MED-0001;2024;9;2.6
MED-0001;2024;10;2.67
MED-0001;2024;11;2.61
MED-0001;2024;12;2.64
MED-0002;2023;1;3.36
MED-0002;2023;2;3.33
MED-0002;2023;3;3.34
MED-0002;2023;4;3.54
MED-0002;2023;5;3.69
MED-0002;2023;6;3.53
MED-0002;2023;7;3.62
MED-0002;2023;8;3.53
MED-0002;2023;9;3.63
MED-0002;2023;10;3.6
MED-0002;2023;11;3.57
MED-0002;2023;12;3.57
MED-0002;2024;1;3.54
MED-0002;2024;2;3.6
MED-0002;2024;3;3.55
MED-0002;2024;4;3.67
MED-0002;2024;5;3.66
MED-0002;2024;6;3.75
MED-0002;2024;7;3.82
MED-0002;2024;8;3.75
MED-0002;2024;9;3.73
MED-0002;2024;10;3.75
MED-0002;2024;11;3.81
MED-0002;2024;12;3.75
MED-0003;2023;1;2.89
MED-0003;2023;2;2.96
MED-0003;2023;3;2.93
MED-0003;2023;4;3.14
MED-0003;2023;5;3.08
MED-0003;2023;6;3.01
MED-0003;2023;7;3.01
MED-0003;2023;8;3.15
MED-0003;2023;9;3.15
MED-0003;2023;10;3.06
MED-0003;2023;11;3.05
MED-0003;2023;12;3.14
MED-0003;2024;1;3.02
MED-0003;2024;2;3.03
MED-0003;2024;3;3.1
MED-0003;2024;4;3.19
MED-0003;2024;5;3.21
MED-0003;2024;6;3.2
MED-0003;2024;7;3.22
MED-0003;2024;8;3.28
MED-0003;2024;9;3.21
MED-0003;2024;10;3.24
MED-0003;2024;11;3.11
MED-0003;2024;12;3.21
MED-0004;2023;1;8.71
MED-0004;2023;2;8.66
MED-0004;2023;3;8.71
MED-0004;2023;4;9.27
MED-0004;2023;5;9.44
MED-0004;2023;6;9.13
MED-0004;2023;7;9.32
MED-0004;2023;8;9.25
MED-0004;2023;9;9.27
MED-0004;2023;10;9.46
MED-0004;2023;11;9.39
MED-0004;2023;12;9.5
MED-0004;2024;1;9.29
MED-0004;2024;2;9.22
MED-0004;2024;3;9.28
MED-0004;2024;4;9.77
MED-0004;2024;5;9.76
MED-0004;2024;6;9.58
MED-0004;2024;7;9.75
MED-0004;2024;8;9.77
MED-0004;2024;9;10.1
MED-0004;2024;10;10.01
MED-0004;2024;11;9.61
MED-0004;2024;12;9.69
MED-0005;2023;1;9.65
MED-0005;2023;2;9.78
MED-0005;2023;3;9.91
MED-0005;2023;4;10.61
MED-0005;2023;5;10.3
MED-0005;2023;6;10.32
MED-0005;2023;7;10.08
MED-0005;2023;8;10.39
MED-0005;2023;9;10.25
MED-0005;2023;10;10.34
MED-0005;2023;11;10.28
MED-0005;2023;12;10.4
MED-0005;2024;1;10.14
MED-0005;2024;2;10.19
MED-0005;2024;3;10.75
MED-0005;2024;4;10.68
MED-0005;2024;5;10.71
MED-0005;2024;6;11.19
MED-0005;2024;7;11.36
MED-0005;2024;8;10.7
MED-0005;2024;9;10.83
MED-0005;2024;10;10.94
MED-0005;2024;11;11.17
MED-0005;2024;12;10.73
MED-0006;2023;1;7.54
MED-0006;2023;2;7.66
MED-0006;2023;3;7.62
MED-0006;2023;4;7.95
MED-0006;2023;5;7.98
MED-0006;2023;6;7.83
MED-0006;2023;7;7.96
MED-0006;2023;8;7.96
MED-0006;2023;10;7.93
MED-0006;2023;11;8.05
MED-0006;2023;12;8.11
MED-0006;2024;1;8.01
MED-0006;2024;2;8.04
MED-0006;2024;3;8.0
MED-0006;2024;4;8.35
MED-0006;2024;5;8.26
MED-0006;2024;6;8.39
MED-0006;2024;7;8.34
MED-0006;2024;8;8.61
MED-0006;2024;9;8.55
MED-0006;2024;10;8.4
MED-0006;2024;11;8.26
MED-0006;2024;12;8.21
MED-0007;2023;1;10.57
MED-0007;2023;2;10.43
MED-0007;2023;3;10.46
MED-0007;2023;4;10.68
MED-0007;2023;5;11.12
MED-0007;2023;6;11.04
MED-0007;2023;7;10.79
MED-0007;2023;8;10.89
MED-0007;2023;9;11.01
MED-0007;2023;10;10.98
MED-0007;2023;11;10.92
MED-0007;2023;12;10.95
MED-0007;2024;1;10.93
MED-0007;2024;2;10.99
MED-0007;2024;3;11.21
MED-0007;2024;4;11.02
MED-0007;2024;5;11.42
MED-0007;2024;6;11.49
MED-0007;2024;7;11.51
MED-0007;2024;8;11.4
MED-0007;2024;9;11.16
MED-0007;2024;10;11.52
MED-0007;2024;11;11.76
MED-0007;2024;12;11.2
MED-0008;2023;1;10.52
MED-0008;2023;2;10.34
MED-0008;2023;3;10.38
MED-0008;2023;4;10.8
MED-0008;2023;5;10.91
MED-0008;2023;6;11.18
MED-0008;2023;7;11.07
MED-0008;2023;8;11.25
MED-0008;2023;9;11.16
MED-0008;2023;10;11.04
MED-0008;2023;11;11.26
MED-0008;2023;12;11.04
MED-0008;2024;1;11.11
MED-0008;2024;2;10.92
MED-0008;2024;3;10.98
MED-0008;2024;4;11.34
MED-0008;2024;6;11.26
MED-0008;2024;7;11.6
MED-0008;2024;8;11.43
MED-0008;2024;9;11.66
MED-0008;2024;10;11.59
MED-0008;2024;11;11.78
MED-0009;2023;1;4.31
MED-0009;2023;2;4.41
MED-0009;2023;3;4.33
MED-0009;2023;4;4.62
MED-0009;2023;5;4.76
MED-0009;2023;6;4.7
MED-0009;2023;8;4.59
MED-0009;2023;9;4.66
MED-0009;2023;10;4.57
MED-0009;2023;11;4.61
MED-0009;2023;12;4.68
MED-0009;2024;1;4.74
MED-0009;2024;2;4.7
MED-0009;2024;3;4.5
MED-0009;2024;4;4.89
MED-0009;2024;5;4.87
MED-0009;2024;6;4.9
MED-0009;2024;7;4.99
MED-0009;2024;8;4.72
MED-0009;2024;9;4.83
MED-0009;2024;10;4.91
MED-0009;2024;11;4.75
MED-0009;2024;12;4.98
MED-0010;2023;1;13.07
MED-0010;2023;2;13.16
MED-0010;2023;3;12.89
MED-0010;2023;4;13.89
MED-0010;2023;5;13.95
MED-0010;2023;6;13.77
MED-0010;2023;7;13.77
MED-0010;2023;8;13.78
MED-0010;2023;9;13.55
MED-0010;2023;10;13.7
MED-0010;2023;11;13.69
MED-0010;2023;12;13.8
MED-0010;2024;1;13.93
MED-0010;2024;2;13.51
MED-0010;2024;3;13.7
MED-0010;2024;4;14.66
MED-0010;2024;5;14.18
MED-0010;2024;6;14.17
MED-0010;2024;7;14.39
MED-0010;2024;8;14.53
MED-0010;2024;9;14.35
MED-0010;2024;10;14.63
MED-0010;2024;11;14.53
MED-0010;2024;12;14.52
MED-0011;2023;1;5.83
MED-0011;2023;2;5.98
MED-0011;2023;3;5.76
MED-0011;2023;4;5.92
MED-0011;2023;5;6.25
MED-0011;2023;6;6.06
MED-0011;2023;7;6.11
MED-0011;2023;8;6.22
MED-0011;2023;9;5.96
MED-0011;2023;10;5.99
MED-0011;2023;11;5.96
MED-0011;2023;12;6.03
MED-0011;2024;1;6.14
MED-0011;2024;2;6.15
MED-0011;2024;3;6.13
MED-0011;2024;4;6.24
MED-0011;2024;5;6.16
MED-0011;2024;6;6.38
MED-0011;2024;7;6.33
MED-0011;2024;8;6.42
MED-0011;2024;9;6.45
MED-0011;2024;10;6.39
MED-0011;2024;12;6.4
MED-0012;2023;1;6.26
MED-0012;2023;2;6.15
MED-0012;2023;3;6.2
MED-0012;2023;4;6.58
MED-0012;2023;5;6.64
MED-0012;2023;6;6.52
MED-0012;2023;7;6.61
MED-0012;2023;8;6.53
MED-0012;2023;9;6.55
MED-0012;2023;10;6.64
MED-0012;2023;11;6.36
MED-0012;2023;12;6.43
MED-0012;2024;1;6.41
MED-0012;2024;2;6.33
MED-0012;2024;3;6.49
MED-0012;2024;4;6.93
MED-0012;2024;5;6.83
MED-0012;2024;6;6.88
MED-0012;2024;7;6.97
MED-0012;2024;8;6.99
MED-0012;2024;9;6.85
MED-0012;2024;10;6.99
MED-0012;2024;11;6.86
MED-0012;2024;12;6.77
MED-0013;2023;1;4.03
MED-0013;2023;2;3.98
MED-0013;2023;3;4.02
MED-0013;2023;4;4.27
MED-0013;2023;5;4.35
MED-0013;2023;6;4.41
MED-0013;2023;7;4.21
MED-0013;2023;8;4.32
MED-0013;2023;9;4.23
MED-0013;2023;10;4.33
MED-0013;2023;11;4.29
MED-0013;2023;12;4.18
MED-0013;2024;1;4.36
MED-0013;2024;2;4.26
MED-0013;2024;3;4.26
MED-0013;2024;4;4.42
MED-0013;2024;5;4.45
MED-0013;2024;6;4.52
MED-0013;2024;7;4.48
MED-0013;2024;8;4.51
MED-0013;2024;9;4.52
MED-0013;2024;10;4.58
MED-0013;2024;11;4.47
MED-0013;2024;12;4.39
MED-0014;2023;1;6.91
MED-0014;2023;2;6.77
MED-0014;2023;3;6.92
MED-0014;2023;5;7.17
MED-0014;2023;6;7.22
MED-0014;2023;7;7.4
MED-0014;2023;8;7.41
MED-0014;2023;9;7.19
MED-0014;2023;10;7.2
MED-0014;2023;11;7.3
MED-0014;2023;12;7.1
MED-0014;2024;1;7.22
MED-0014;2024;2;7.18
MED-0014;2024;3;7.22
MED-0014;2024;4;7.42
MED-0014;2024;5;7.33
MED-0014;2024;6;7.28
MED-0014;2024;7;7.38
MED-0014;2024;8;7.46
MED-0014;2024;9;7.48
MED-0014;2024;10;7.73
MED-0014;2024;11;7.63
MED-0014;2024;12;7.4
MED-0015;2023;1;3.4
MED-0015;2023;2;3.37
MED-0015;2023;3;3.37
MED-0015;2023;4;3.59
MED-0015;2023;5;3.61
MED-0015;2023;6;3.56
MED-0015;2023;7;3.63
MED-0015;2023;8;3.51
MED-0015;2023;9;3.58
MED-0015;2023;10;3.71
MED-0015;2023;11;3.59
MED-0015;2023;12;3.65
MED-0015;2024;1;3.58
MED-0015;2024;2;3.61
MED-0015;2024;3;3.57
MED-0015;2024;4;3.73
MED-0015;2024;5;3.69
MED-0015;2024;6;3.76
MED-0015;2024;7;3.69
MED-0015;2024;8;3.77
MED-0015;2024;9;3.8
MED-0015;2024;11;3.72
MED-0015;2024;12;3.76
MED-0016;2023;1;11.38
MED-0016;2023;2;11.59
MED-0016;2023;3;11.12
MED-0016;2023;4;12.01
MED-0016;2023;5;11.71
MED-0016;2023;6;11.8
MED-0016;2023;7;12.32
MED-0016;2023;8;12.23
MED-0016;2023;9;11.94
MED-0016;2023;10;11.8
MED-0016;2023;11;11.54
MED-0016;2023;12;11.97
MED-0016;2024;1;12.51
MED-0016;2024;2;12.15
MED-0016;2024;3;11.97
MED-0016;2024;4;12.7
MED-0016;2024;5;12.32
MED-0016;2024;6;12.56
MED-0016;2024;8;12.6
MED-0016;2024;9;12.76
MED-0016;2024;10;12.68
MED-0016;2024;11;12.74
MED-0016;2024;12;12.48
MED-0017;2023;1;15.82
MED-0017;2023;2;15.99
MED-0017;2023;3;15.38
MED-0017;2023;4;16.26
MED-0017;2023;5;16.81
MED-0017;2023;6;16.43
MED-0017;2023;7;16.83
MED-0017;2023;8;16.37
MED-0017;2023;9;16.84
MED-0017;2023;10;16.51
MED-0017;2023;11;16.55
MED-0017;2023;12;16.87
MED-0017;2024;1;16.39
MED-0017;2024;2;16.25
MED-0017;2024;3;16.37
MED-0017;2024;4;17.34
MED-0017;2024;5;16.82
MED-0017;2024;6;17.39
MED-0017;2024;7;17.08
MED-0017;2024;8;17.52
MED-0017;2024;9;16.6
MED-0017;2024;10;17.02
MED-0017;2024;11;16.79
MED-0017;2024;12;17.01
MED-0018;2023;1;6.49
MED-0018;2023;2;6.45
MED-0018;2023;3;6.44
MED-0018;2023;4;6.81
MED-0018;2023;5;6.85
MED-0018;2023;6;6.72
MED-0018;2023;7;6.9
MED-0018;2023;8;6.89
MED-0018;2023;9;6.87
MED-0018;2023;10;6.88
MED-0018;2023;12;7.03
MED-0018;2024;1;6.82
MED-0018;2024;2;6.79
MED-0018;2024;3;6.75
MED-0018;2024;4;7.02
MED-0018;2024;5;7.0
MED-0018;2024;6;7.04
MED-0018;2024;7;7.13
MED-0018;2024;8;7.17
MED-0018;2024;9;7.14
MED-0018;2024;10;7.05
MED-0018;2024;11;7.23
MED-0018;2024;12;7.21
MED-0019;2023;1;5.08
MED-0019;2023;2;5.05
MED-0019;2023;3;5.14
MED-0019;2023;4;5.4
MED-0019;2023;6;5.38
MED-0019;2023;7;5.4
MED-0019;2023;8;5.31
MED-0019;2023;9;5.4
MED-0019;2023;10;5.26
MED-0019;2023;11;5.49
MED-0019;2023;12;5.48
MED-0019;2024;1;5.36
MED-0019;2024;2;5.41
MED-0019;2024;3;5.19
MED-0019;2024;4;5.53
MED-0019;2024;5;5.6
MED-0019;2024;6;5.53
MED-0019;2024;7;5.68
MED-0019;2024;8;5.79
MED-0019;2024;9;5.52
MED-0019;2024;10;5.55
MED-0019;2024;12;5.76
MED-0020;2023;1;35.82
MED-0020;2023;2;36.62
MED-0020;2023;3;37.48
MED-0020;2023;4;37.58
MED-0020;2023;5;37.79
MED-0020;2023;6;38.29
MED-0020;2023;7;38.23
MED-0020;2023;8;39.0
MED-0020;2023;9;38.67
MED-0020;2023;10;37.51
MED-0020;2023;11;38.83
MED-0020;2023;12;38.2
MED-0020;2024;1;39.27
MED-0020;2024;2;38.17
MED-0020;2024;3;38.16
MED-0020;2024;4;40.59
MED-0020;2024;5;40.73
MED-0020;2024;6;40.54
MED-0020;2024;7;39.25
MED-0020;2024;8;40.59
MED-0020;2024;9;39.64
MED-0020;2024;10;40.41
MED-0020;2024;11;39.41
MED-0020;2024;12;40.53
MED-0021;2023;1;6.65
MED-0021;2023;2;6.6
MED-0021;2023;3;6.81
MED-0021;2023;4;7.14
MED-0021;2023;5;7.05
MED-0021;2023;6;7.27
MED-0021;2023;7;7.06
MED-0021;2023;8;7.11
MED-0021;2023;9;7.14
MED-0021;2023;10;7.04
MED-0021;2023;11;7.16
MED-0021;2023;12;7.05
MED-0021;2024;1;7.07
MED-0021;2024;2;7.26
MED-0021;2024;3;7.0
MED-0021;2024;4;7.16
MED-0021;2024;5;7.61
MED-0021;2024;6;7.72
MED-0021;2024;7;7.39
MED-0021;2024;8;7.21
MED-0021;2024;9;7.4
MED-0021;2024;10;7.4
MED-0021;2024;11;7.41
MED-0021;2024;12;7.31
MED-0022;2023;1;26.27
MED-0022;2023;2;26.25
MED-0022;2023;3;25.46
MED-0022;2023;4;27.79
MED-0022;2023;5;28.35
MED-0022;2023;6;27.58
MED-0022;2023;7;27.37
MED-0022;2023;8;27.45
MED-0022;2023;9;27.76
MED-0022;2023;10;26.79
MED-0022;2023;11;27.57
MED-0022;2023;12;27.35
MED-0022;2024;1;28.27
MED-0022;2024;2;27.43
MED-0022;2024;3;28.19
MED-0022;2024;4;28.27
MED-0022;2024;5;29.0
MED-0022;2024;6;28.88
MED-0022;2024;7;28.37
MED-0022;2024;8;28.82
MED-0022;2024;9;29.27
MED-0022;2024;10;28.6
MED-0022;2024;11;28.01
MED-0022;2024;12;28.74
MED-0023;2023;1;3.0
MED-0023;2023;2;3.03
MED-0023;2023;3;3.04
MED-0023;2023;4;3.13
MED-0023;2023;5;3.14
MED-0023;2023;6;3.24
MED-0023;2023;7;3.19
MED-0023;2023;8;3.09
MED-0023;2023;9;3.25
MED-0023;2023;10;3.23
MED-0023;2023;11;3.18
MED-0023;2023;12;3.15
MED-0023;2024;1;3.25
MED-0023;2024;2;3.23
MED-0023;2024;3;3.33
MED-0023;2024;4;3.38
MED-0023;2024;5;3.38
MED-0023;2024;6;3.35
MED-0023;2024;7;3.4
MED-0023;2024;8;3.39
MED-0023;2024;9;3.42
MED-0023;2024;10;3.33
MED-0023;2024;11;3.34
MED-0023;2024;12;3.33
MED-0024;2023;1;3.43
MED-0024;2023;2;3.46
MED-0024;2023;3;3.36
MED-0024;2023;4;3.55
MED-0024;2023;5;3.59
MED-0024;2023;6;3.56
MED-0024;2023;7;3.63
MED-0024;2023;8;3.45
MED-0024;2023;9;3.53
MED-0024;2023;10;3.53
MED-0024;2023;11;3.45
MED-0024;2023;12;3.52
MED-0024;2024;1;3.53
MED-0024;2024;2;3.56
MED-0024;2024;3;3.64
MED-0024;2024;4;3.72
MED-0024;2024;5;3.68
MED-0024;2024;6;3.73
MED-0024;2024;7;3.8
MED-0024;2024;8;3.68
MED-0024;2024;9;3.69
MED-0024;2024;10;3.77
MED-0024;2024;11;3.72
MED-0024;2024;12;3.77
MED-0025;2023;1;3.39
MED-0025;2023;2;3.42
MED-0025;2023;3;3.33
MED-0025;2023;4;3.57
MED-0025;2023;5;3.56
MED-0025;2023;6;3.51
MED-0025;2023;7;3.49
MED-0025;2023;8;3.61
MED-0025;2023;9;3.56
MED-0025;2023;10;3.52
MED-0025;2023;11;3.57
MED-0025;2023;12;3.64
MED-0025;2024;1;3.45
MED-0025;2024;2;3.5
MED-0025;2024;4;3.82
MED-0025;2024;5;3.75
MED-0025;2024;6;3.78
MED-0025;2024;7;3.67
MED-0025;2024;8;3.67
MED-0025;2024;9;3.76
MED-0025;2024;10;3.74
MED-0025;2024;11;3.77
MED-0025;2024;12;3.73
MED-0026;2023;1;8.55
MED-0026;2023;2;8.54
MED-0026;2023;3;8.62
MED-0026;2023;4;9.1
MED-0026;2023;5;8.77
MED-0026;2023;6;8.69
MED-0026;2023;7;9.13
MED-0026;2023;8;9.15
MED-0026;2023;9;8.86
MED-0026;2023;10;8.74
MED-0026;2023;11;9.01
MED-0026;2023;12;9.12
MED-0026;2024;1;9.24
MED-0026;2024;2;9.06
MED-0026;2024;3;8.94
MED-0026;2024;4;9.27
MED-0026;2024;5;9.4
MED-0026;2024;7;9.25
MED-0026;2024;8;9.69
MED-0026;2024;9;9.65
MED-0026;2024;10;9.56
MED-0026;2024;11;9.27
MED-0026;2024;12;9.52
MED-0027;2023;1;26.3
MED-0027;2023;2;26.22
MED-0027;2023;3;26.54
MED-0027;2023;4;27.77
MED-0027;2023;5;27.81
MED-0027;2023;6;27.77
MED-0027;2023;7;27.65
MED-0027;2023;8;26.77
MED-0027;2023;9;27.54
MED-0027;2023;10;27.28
MED-0027;2023;11;26.98
MED-0027;2023;12;28.2
MED-0027;2024;1;28.22
MED-0027;2024;2;28.07
MED-0027;2024;3;27.61
MED-0027;2024;4;29.33
MED-0027;2024;5;28.75
MED-0027;2024;6;28.83
MED-0027;2024;7;28.27
MED-0027;2024;8;28.92
MED-0027;2024;9;28.77
MED-0027;2024;10;28.18
MED-0027;2024;11;28.72
MED-0027;2024;12;28.71
MED-0028;2023;1;4.18
MED-0028;2023;2;4.12
MED-0028;2023;3;4.07
MED-0028;2023;4;4.31
MED-0028;2023;5;4.3
MED-0028;2023;6;4.28
MED-0028;2023;7;4.23
MED-0028;2023;8;4.29
MED-0028;2023;9;4.25
MED-0028;2023;10;4.22
MED-0028;2023;11;4.33
MED-0028;2023;12;4.32
MED-0028;2024;1;4.18
MED-0028;2024;2;4.29
MED-0028;2024;3;4.36
MED-0028;2024;4;4.56
MED-0028;2024;5;4.56
MED-0028;2024;6;4.49
MED-0028;2024;7;4.43
MED-0028;2024;8;4.42
MED-0028;2024;9;4.51
MED-0028;2024;10;4.52
MED-0028;2024;11;4.58
MED-0028;2024;12;4.57
MED-0029;2023;1;4.87
MED-0029;2023;2;4.79
MED-0029;2023;3;4.85
MED-0029;2023;4;5.17
MED-0029;2023;5;5.13
MED-0029;2023;6;5.1
MED-0029;2023;7;5.17
MED-0029;2023;8;5.11
MED-0029;2023;9;5.1
MED-0029;2023;10;5.17
MED-0029;2023;11;5.12
MED-0029;2023;12;5.17
MED-0029;2024;1;5.17
MED-0029;2024;2;5.06
MED-0029;2024;3;5.11
MED-0029;2024;4;5.5
MED-0029;2024;5;5.29
MED-0029;2024;6;5.21
MED-0029;2024;7;5.23
MED-0029;2024;8;5.38
MED-0029;2024;9;5.38
MED-0029;2024;10;5.37
MED-0029;2024;11;5.48
MED-0029;2024;12;5.17
MED-0030;2023;1;3.0
MED-0030;2023;2;3.06
MED-0030;2023;3;2.94
MED-0030;2023;4;3.14
MED-0030;2023;5;3.12
MED-0030;2023;6;3.11
MED-0030;2023;7;3.14
MED-0030;2023;9;3.24
MED-0030;2023;10;3.14
MED-0030;2023;11;3.24
MED-0030;2023;12;3.16
MED-0030;2024;1;3.24
MED-0030;2024;2;3.15
MED-0030;2024;3;3.16
MED-0030;2024;4;3.31
MED-0030;2024;5;3.45
MED-0030;2024;6;3.34
MED-0030;2024;7;3.26
MED-0030;2024;8;3.34
MED-0030;2024;9;3.28
MED-0030;2024;10;3.27
MED-0030;2024;11;3.34
MED-0030;2024;12;3.3
MED-0031;2023;1;4.52
MED-0031;2023;2;4.5
MED-0031;2023;3;4.52
MED-0031;2023;4;4.78
MED-0031;2023;5;4.61
MED-0031;2023;6;4.8
MED-0031;2023;7;4.68
MED-0031;2023;8;4.65
MED-0031;2023;9;4.75
MED-0031;2023;10;4.76
MED-0031;2023;11;4.7
MED-0031;2023;12;4.81
MED-0031;2024;1;4.65
MED-0031;2024;2;4.72
MED-0031;2024;3;4.71
MED-0031;2024;4;4.96
MED-0031;2024;5;4.98
MED-0031;2024;6;4.89
MED-0031;2024;7;5.02
MED-0031;2024;8;4.97
MED-0031;2024;9;4.82
MED-0031;2024;10;4.82
MED-0031;2024;11;4.96
MED-0031;2024;12;4.95
MED-0032;2023;1;48.47
MED-0032;2023;2;48.53
MED-0032;2023;3;48.71
MED-0032;2023;4;51.99
MED-0032;2023;5;50.41
MED-0032;2023;6;50.36
MED-0032;2023;7;50.42
MED-0032;2023;8;51.49
MED-0032;2023;9;52.22
MED-0032;2023;10;50.93
MED-0032;2023;11;49.34
MED-0032;2023;12;49.95
MED-0032;2024;1;50.62
MED-0032;2024;2;50.84
MED-0032;2024;3;50.95
MED-0032;2024;4;53.6
MED-0032;2024;5;53.32
MED-0032;2024;6;54.41
MED-0032;2024;7;53.03
MED-0032;2024;8;52.88
MED-0032;2024;10;52.34
MED-0032;2024;11;53.88
MED-0032;2024;12;53.65
MED-0033;2023;1;3.73
MED-0033;2023;2;3.83
MED-0033;2023;3;3.71
MED-0033;2023;5;3.94
MED-0033;2023;6;3.88
MED-0033;2023;7;3.96
MED-0033;2023;8;3.89
MED-0033;2023;9;3.91
MED-0033;2023;10;3.98
MED-0033;2023;11;3.98
MED-0033;2023;12;3.91
MED-0033;2024;1;4.01
MED-0033;2024;2;4.02
MED-0033;2024;3;4.04
MED-0033;2024;4;4.16
MED-0033;2024;5;4.21
MED-0033;2024;7;4.11
MED-0033;2024;8;4.08
MED-0033;2024;9;4.14
MED-0033;2024;10;4.09
MED-0033;2024;11;4.12
MED-0033;2024;12;4.25
MED-0034;2023;1;4.11
MED-0034;2023;2;4.15
MED-0034;2023;3;4.11
MED-0034;2023;4;4.36
MED-0034;2023;5;4.35
MED-0034;2023;6;4.38
MED-0034;2023;7;4.43
MED-0034;2023;8;4.46
MED-0034;2023;9;4.37
MED-0034;2023;10;4.39
MED-0034;2023;11;4.28
MED-0034;2023;12;4.35
MED-0034;2024;1;4.41
MED-0034;2024;2;4.41
MED-0034;2024;3;4.36
MED-0034;2024;4;4.61
MED-0034;2024;5;4.58
MED-0034;2024;6;4.63
MED-0034;2024;7;4.57
MED-0034;2024;8;4.52
MED-0034;2024;9;4.57
MED-0034;2024;10;4.35
MED-0034;2024;11;4.57
MED-0034;2024;12;4.3
MED-0035;2023;1;7.33
MED-0035;2023;2;7.57
MED-0035;2023;3;7.58
MED-0035;2023;5;7.86
MED-0035;2023;6;8.11
MED-0035;2023;7;7.89
MED-0035;2023;8;8.21
MED-0035;2023;9;7.94
MED-0035;2023;10;7.99
MED-0035;2023;11;8.14
MED-0035;2023;12;7.96
MED-0035;2024;1;7.82
MED-0035;2024;2;7.93
MED-0035;2024;3;7.94
MED-0035;2024;4;8.13
MED-0035;2024;5;8.27
MED-0035;2024;6;8.21
MED-0035;2024;7;8.42
MED-0035;2024;8;8.31
MED-0035;2024;9;8.27
MED-0035;2024;10;8.29
MED-0035;2024;11;8.33
MED-0035;2024;12;8.38
MED-0036;2023;1;18.56
MED-0036;2023;2;18.55
MED-0036;2023;3;19.16
MED-0036;2023;4;19.78
MED-0036;2023;5;19.48
MED-0036;2023;7;20.04
MED-0036;2023;8;19.44
MED-0036;2023;9;19.97
MED-0036;2023;10;20.12
MED-0036;2023;11;20.01
MED-0036;2023;12;20.09
MED-0036;2024;1;19.48
MED-0036;2024;2;20.0
MED-0036;2024;4;20.65
MED-0036;2024;5;21.07
MED-0036;2024;6;21.26
MED-0036;2024;7;21.36
MED-0036;2024;8;21.21
MED-0036;2024;9;20.76
MED-0036;2024;10;20.91
MED-0036;2024;11;21.04
MED-0036;2024;12;20.83
MED-0037;2023;1;4.89
MED-0037;2023;2;4.94
MED-0037;2023;3;4.87
MED-0037;2023;4;5.09
MED-0037;2023;5;5.12
MED-0037;2023;6;5.2
MED-0037;2023;7;5.15
MED-0037;2023;8;5.18
MED-0037;2023;9;5.2
MED-0037;2023;10;5.12
MED-0037;2023;11;5.21
MED-0037;2024;1;5.05
MED-0037;2024;2;5.26
MED-0037;2024;3;5.11
MED-0037;2024;4;5.25
MED-0037;2024;5;5.3
MED-0037;2024;6;5.3
MED-0037;2024;7;5.39
MED-0037;2024;8;5.36
MED-0037;2024;9;5.35
MED-0037;2024;10;5.43
MED-0037;2024;11;5.41
MED-0037;2024;12;5.41
MED-0038;2023;1;11.37
MED-0038;2023;2;11.41
MED-0038;2023;3;10.94
MED-0038;2023;4;11.87
MED-0038;2023;5;11.54
MED-0038;2023;6;11.94
MED-0038;2023;7;11.93
MED-0038;2023;8;12.12
MED-0038;2023;9;12.15
MED-0038;2023;10;11.97
MED-0038;2023;11;11.85
MED-0038;2023;12;12.02
MED-0038;2024;1;11.84
MED-0038;2024;2;11.93
MED-0038;2024;3;12.11
MED-0038;2024;4;12.37
MED-0038;2024;5;12.62
MED-0038;2024;6;12.6
MED-0038;2024;7;12.29
MED-0038;2024;8;12.65
MED-0038;2024;9;12.6
MED-0038;2024;10;12.49
MED-0038;2024;11;12.33
MED-0038;2024;12;12.31
MED-0039;2023;1;14.96
MED-0039;2023;2;15.2
MED-0039;2023;3;14.87
MED-0039;2023;4;16.03
MED-0039;2023;5;15.63
MED-0039;2023;6;15.88
MED-0039;2023;7;15.95
MED-0039;2023;8;16.51
MED-0039;2023;9;15.6
MED-0039;2023;10;16.28
MED-0039;2023;11;15.96
MED-0039;2023;12;16.03
MED-0039;2024;1;15.96
MED-0039;2024;2;16.03
MED-0039;2024;3;15.89
MED-0039;2024;4;17.01
MED-0039;2024;5;16.53
MED-0039;2024;6;16.93
MED-0039;2024;7;16.48
MED-0039;2024;8;16.63
MED-0039;2024;9;16.38
MED-0039;2024;10;16.76
MED-0039;2024;11;17.0
MED-0039;2024;12;16.62
MED-0040;2023;1;64.55
MED-0040;2023;2;63.66
MED-0040;2023;3;64.52
MED-0040;2023;4;66.74
MED-0040;2023;5;67.44
MED-0040;2023;6;68.6
MED-0040;2023;7;69.72
MED-0040;2023;8;71.25
MED-0040;2023;9;67.77
MED-0040;2023;10;69.84
MED-0040;2023;11;68.62
MED-0040;2023;12;68.22
MED-0040;2024;1;68.82
MED-0040;2024;2;68.44
MED-0040;2024;3;68.48
MED-0040;2024;4;71.01
MED-0040;2024;5;69.95
MED-0040;2024;6;69.79
MED-0040;2024;7;72.15
MED-0040;2024;8;71.15
MED-0040;2024;9;70.81
MED-0040;2024;10;71.46
MED-0040;2024;11;72.3
MED-0040;2024;12;71.64
MED-0041;2023;1;8.88
MED-0041;2023;2;9.13
MED-0041;2023;3;9.18
MED-0041;2023;4;9.54
MED-0041;2023;5;9.6
MED-0041;2023;6;9.64
MED-0041;2023;7;9.63
MED-0041;2023;8;9.55
MED-0041;2023;9;9.55
MED-0041;2023;10;9.54
MED-0041;2023;11;9.31
MED-0041;2023;12;9.57
MED-0041;2024;1;9.27
MED-0041;2024;2;9.35
MED-0041;2024;3;9.65
MED-0041;2024;4;10.02
MED-0041;2024;5;10.11
MED-0041;2024;6;9.85
MED-0041;2024;7;9.72
MED-0041;2024;8;9.86
MED-0041;2024;9;9.91
MED-0041;2024;10;9.9
MED-0041;2024;11;10.06
MED-0041;2024;12;9.84
MED-0042;2023;1;7.2
MED-0042;2023;2;7.06
MED-0042;2023;3;7.21
MED-0042;2023;4;7.57
MED-0042;2023;5;7.48
MED-0042;2023;6;7.54
MED-0042;2023;7;7.54
MED-0042;2023;8;7.53
MED-0042;2023;9;7.77
MED-0042;2023;10;7.55
MED-0042;2023;11;7.54
MED-0042;2023;12;7.33
MED-0042;2024;1;7.46
MED-0042;2024;2;7.54
MED-0042;2024;3;7.49
MED-0042;2024;4;8.07
MED-0042;2024;5;7.89
MED-0042;2024;6;8.06
MED-0042;2024;7;7.91
MED-0042;2024;8;7.91
MED-0042;2024;9;7.9
MED-0042;2024;10;7.91
MED-0042;2024;11;8.11
MED-0042;2024;12;7.63
MED-0043;2023;1;8.0
MED-0043;2023;2;8.18
MED-0043;2023;3;8.25
MED-0043;2023;4;8.8
MED-0043;2023;5;8.77
MED-0043;2023;6;8.66
MED-0043;2023;7;8.84
MED-0043;2023;8;8.84
MED-0043;2023;9;8.73
MED-0043;2023;10;8.83
MED-0043;2023;11;8.74
MED-0043;2023;12;8.63
MED-0043;2024;1;8.8
MED-0043;2024;2;8.72
MED-0043;2024;3;8.71
MED-0043;2024;4;9.3
MED-0043;2024;5;8.76
MED-0043;2024;6;8.9
MED-0043;2024;7;8.94
MED-0043;2024;8;9.05
MED-0043;2024;9;9.06
MED-0043;2024;10;8.89
MED-0043;2024;11;8.96
MED-0043;2024;12;8.98
MED-0044;2023;1;50.34
MED-0044;2023;2;49.86
MED-0044;2023;3;48.25
MED-0044;2023;4;50.98
MED-0044;2023;5;50.38
MED-0044;2023;6;49.8
MED-0044;2023;7;51.17
MED-0044;2023;8;50.5
MED-0044;2023;9;51.2
MED-0044;2023;10;50.03
MED-0044;2023;11;50.68
MED-0044;2023;12;51.38
MED-0044;2024;1;51.55
MED-0044;2024;2;51.59
MED-0044;2024;3;50.25
MED-0044;2024;4;54.26
MED-0044;2024;5;52.93
MED-0044;2024;6;54.08
MED-0044;2024;7;53.56
MED-0044;2024;8;52.47
MED-0044;2024;9;53.32
MED-0044;2024;10;53.87
MED-0044;2024;11;54.06
MED-0044;2024;12;53.46
MED-0045;2023;1;12.23
MED-0045;2023;2;12.13
MED-0045;2023;3;11.91
MED-0045;2023;4;12.77
MED-0045;2023;5;12.99
MED-0045;2023;6;12.99
MED-0045;2023;8;12.45
MED-0045;2023;10;12.42
MED-0045;2023;11;12.37
MED-0045;2023;12;12.53
MED-0045;2024;1;12.7
MED-0045;2024;2;12.6
MED-0045;2024;3;12.5
MED-0045;2024;4;13.06
MED-0045;2024;5;13.05
MED-0045;2024;6;13.02
MED-0045;2024;7;13.64
MED-0045;2024;8;13.25
MED-0045;2024;9;13.37
MED-0045;2024;10;13.09
MED-0045;2024;11;13.15
MED-0045;2024;12;13.05
MED-0046;2023;1;4.89
MED-0046;2023;2;4.99
MED-0046;2023;3;4.96
MED-0046;2023;4;5.2
MED-0046;2023;5;5.28
MED-0046;2023;6;5.49
MED-0046;2023;7;5.38
MED-0046;2023;8;5.49
MED-0046;2023;9;5.41
MED-0046;2023;10;5.44
MED-0046;2023;11;5.31
MED-0046;2023;12;5.42
MED-0046;2024;1;5.44
MED-0046;2024;2;5.33
MED-0046;2024;3;5.43
MED-0046;2024;4;5.67
MED-0046;2024;5;5.58
MED-0046;2024;6;5.53
MED-0046;2024;7;5.52
MED-0046;2024;8;5.63
MED-0046;2024;9;5.65
MED-0046;2024;10;5.56
MED-0046;2024;11;5.63
MED-0046;2024;12;5.67
MED-0047;2023;1;4.45
MED-0047;2023;2;4.51
MED-0047;2023;3;4.5
MED-0047;2023;4;4.59
MED-0047;2023;5;4.78
MED-0047;2023;6;4.62
MED-0047;2023;7;4.73
MED-0047;2023;8;4.66
MED-0047;2023;9;4.63
MED-0047;2023;10;4.53
MED-0047;2023;11;4.65
MED-0047;2023;12;4.55
MED-0047;2024;1;4.73
MED-0047;2024;2;4.76
MED-0047;2024;3;4.6
MED-0047;2024;4;4.89
MED-0047;2024;5;4.82
MED-0047;2024;6;4.82
MED-0047;2024;7;4.93
MED-0047;2024;8;4.87
MED-0047;2024;9;5.0
MED-0047;2024;10;4.83
MED-0047;2024;11;4.94
MED-0047;2024;12;4.88
MED-0048;2023;1;18.44
MED-0048;2023;2;18.1
MED-0048;2023;3;18.2
MED-0048;2023;4;19.2
MED-0048;2023;5;19.0
MED-0048;2023;6;19.43
MED-0048;2023;7;19.43
MED-0048;2023;8;19.41
MED-0048;2023;9;19.68
MED-0048;2023;10;19.66
MED-0048;2023;11;19.13
MED-0048;2023;12;19.35
MED-0048;2024;1;19.06
MED-0048;2024;2;19.24
MED-0048;2024;3;19.06
MED-0048;2024;4;20.59
MED-0048;2024;5;20.21
MED-0048;2024;6;20.04
MED-0048;2024;7;20.46
MED-0048;2024;8;19.45
MED-0048;2024;9;19.5
MED-0048;2024;10;20.34
MED-0048;2024;11;20.12
MED-0048;2024;12;20.18
HIG-0049;2023;1;2.86
HIG-0049;2023;2;2.93
HIG-0049;2023;3;3.04
HIG-0049;2023;4;3.0
HIG-0049;2023;5;2.98
HIG-0049;2023;6;2.97
HIG-0049;2023;7;2.98
HIG-0049;2023;8;2.92
HIG-0049;2023;9;3.04
HIG-0049;2023;10;3.08
HIG-0049;2023;11;2.98
HIG-0049;2023;12;3.04
HIG-0049;2024;1;3.03
HIG-0049;2024;2;3.05
HIG-0049;2024;3;3.11
HIG-0049;2024;4;3.03
HIG-0049;2024;5;3.17
HIG-0049;2024;6;3.19
HIG-0049;2024;7;3.15
HIG-0049;2024;8;3.06
HIG-0049;2024;9;3.15
HIG-0049;2024;10;3.27
HIG-0049;2024;11;3.09
HIG-0049;2024;12;3.22
HIG-0050;2023;1;4.81
HIG-0050;2023;2;4.98
HIG-0050;2023;3;4.89
HIG-0050;2023;4;5.0
HIG-0050;2023;5;5.03
HIG-0050;2023;6;5.15
HIG-0050;2023;7;5.02
HIG-0050;2023;8;5.09
HIG-0050;2023;9;4.97
HIG-0050;2023;10;5.19
HIG-0050;2023;11;5.07
HIG-0050;2023;12;5.11
HIG-0050;2024;1;5.17
HIG-0050;2024;2;5.07
HIG-0050;2024;3;5.24
HIG-0050;2024;4;5.32
HIG-0050;2024;5;5.29
HIG-0050;2024;6;5.16
HIG-0050;2024;7;5.3
HIG-0050;2024;8;5.4
HIG-0050;2024;9;5.21
HIG-0050;2024;10;5.3
HIG-0050;2024;11;5.48
HIG-0050;2024;12;5.46
HIG-0051;2023;1;1.34
HIG-0051;2023;2;1.38
HIG-0051;2023;3;1.36
HIG-0051;2023;4;1.37
HIG-0051;2023;5;1.41
HIG-0051;2023;6;1.36
HIG-0051;2023;7;1.35
HIG-0051;2023;8;1.39
HIG-0051;2023;9;1.39
HIG-0051;2023;10;1.38
HIG-0051;2023;11;1.37
HIG-0051;2023;12;1.45
HIG-0051;2024;1;1.41
HIG-0051;2024;2;1.4
HIG-0051;2024;3;1.44
HIG-0051;2024;4;1.42
HIG-0051;2024;5;1.43
HIG-0051;2024;6;1.45
HIG-0051;2024;7;1.42
HIG-0051;2024;8;1.46
HIG-0051;2024;9;1.5
HIG-0051;2024;10;1.48
HIG-0051;2024;12;1.47
HIG-0052;2023;1;4.38
HIG-0052;2023;2;4.41
HIG-0052;2023;3;4.42
HIG-0052;2023;5;4.37
HIG-0052;2023;6;4.56
HIG-0052;2023;7;4.5
HIG-0052;2023;8;4.57
HIG-0052;2023;9;4.49
HIG-0052;2023;10;4.68
HIG-0052;2023;11;4.69
HIG-0052;2023;12;4.7
HIG-0052;2024;1;4.54
HIG-0052;2024;2;4.73
HIG-0052;2024;3;4.72
HIG-0052;2024;4;4.6
HIG-0052;2024;5;4.73
HIG-0052;2024;6;4.78
HIG-0052;2024;7;4.82
HIG-0052;2024;8;4.81
HIG-0052;2024;9;4.84
HIG-0052;2024;10;4.95
HIG-0052;2024;11;4.95
HIG-0052;2024;12;4.67
HIG-0053;2023;1;1.67
HIG-0053;2023;2;1.68
HIG-0053;2023;3;1.65
HIG-0053;2023;4;1.7
HIG-0053;2023;5;1.74
HIG-0053;2023;6;1.69
HIG-0053;2023;7;1.73
HIG-0053;2023;8;1.71
HIG-0053;2023;9;1.72
HIG-0053;2023;10;1.78
HIG-0053;2023;11;1.74
HIG-0053;2023;12;1.77
HIG-0053;2024;1;1.72
HIG-0053;2024;2;1.83
HIG-0053;2024;3;1.8
HIG-0053;2024;4;1.79
HIG-0053;2024;5;1.82
HIG-0053;2024;6;1.77
HIG-0053;2024;7;1.85
HIG-0053;2024;9;1.83
HIG-0053;2024;10;1.83
HIG-0053;2024;11;1.83
HIG-0053;2024;12;1.88
HIG-0054;2023;1;3.93
HIG-0054;2023;2;3.97
HIG-0054;2023;3;3.95
HIG-0054;2023;4;3.99
HIG-0054;2023;5;3.96
HIG-0054;2023;6;4.13
HIG-0054;2023;7;3.92
HIG-0054;2023;8;4.11
HIG-0054;2023;9;4.14
HIG-0054;2023;10;4.02
HIG-0054;2023;11;4.23
HIG-0054;2023;12;4.17
HIG-0054;2024;1;4.19
HIG-0054;2024;2;4.15
HIG-0054;2024;4;4.17
HIG-0054;2024;5;4.23
HIG-0054;2024;6;4.31
HIG-0054;2024;7;4.25
HIG-0054;2024;8;4.2
HIG-0054;2024;9;4.33
HIG-0054;2024;10;4.36
HIG-0054;2024;11;4.36
HIG-0054;2024;12;4.38
HIG-0055;2023;1;9.81
HIG-0055;2023;2;9.76
HIG-0055;2023;3;9.81
HIG-0055;2023;4;9.74
HIG-0055;2023;5;10.06
HIG-0055;2023;6;10.06
HIG-0055;2023;7;10.05
HIG-0055;2023;8;9.71
HIG-0055;2023;9;10.02
HIG-0055;2023;10;10.43
HIG-0055;2023;11;10.2
HIG-0055;2023;12;10.41
HIG-0055;2024;1;10.18
HIG-0055;2024;2;10.67
HIG-0055;2024;3;10.47
HIG-0055;2024;4;10.58
HIG-0055;2024;5;10.95
HIG-0055;2024;6;10.87
HIG-0055;2024;7;10.63
HIG-0055;2024;8;10.63
HIG-0055;2024;9;10.72
HIG-0055;2024;10;10.91
HIG-0055;2024;11;10.86
HIG-0055;2024;12;10.86
HIG-0056;2023;1;9.56
HIG-0056;2023;2;9.38
HIG-0056;2023;3;9.77
HIG-0056;2023;4;9.5
HIG-0056;2023;5;9.78
HIG-0056;2023;6;9.62
HIG-0056;2023;7;9.75
HIG-0056;2023;8;9.55
HIG-0056;2023;9;9.57
HIG-0056;2023;10;9.81
HIG-0056;2023;11;9.93
HIG-0056;2023;12;9.84
HIG-0056;2024;2;9.72
HIG-0056;2024;3;9.75
HIG-0056;2024;4;9.74
HIG-0056;2024;5;10.07
HIG-0056;2024;6;10.27
HIG-0056;2024;7;10.14
HIG-0056;2024;8;9.84
HIG-0056;2024;9;10.21
HIG-0056;2024;10;10.26
HIG-0056;2024;11;10.65
HIG-0056;2024;12;10.15
HIG-0057;2023;1;9.79
HIG-0057;2023;2;10.15
HIG-0057;2023;3;10.01
HIG-0057;2023;4;10.07
HIG-0057;2023;5;10.05
HIG-0057;2023;6;10.12
HIG-0057;2023;7;10.24
HIG-0057;2023;8;10.04
HIG-0057;2023;9;10.35
HIG-0057;2023;10;10.05
HIG-0057;2023;11;10.35
HIG-0057;2023;12;10.38
HIG-0057;2024;1;10.3
HIG-0057;2024;2;10.44
HIG-0057;2024;3;10.39
HIG-0057;2024;4;10.37
HIG-0057;2024;5;10.53
HIG-0057;2024;6;10.46
HIG-0057;2024;7;10.73
HIG-0057;2024;8;10.54
HIG-0057;2024;9;10.89
HIG-0057;2024;11;10.78
HIG-0057;2024;12;10.82
HIG-0058;2023;1;12.57
HIG-0058;2023;2;12.44
HIG-0058;2023;3;12.4
HIG-0058;2023;4;12.59
HIG-0058;2023;5;12.15
HIG-0058;2023;6;12.6
HIG-0058;2023;7;13.04
HIG-0058;2023;8;12.74
HIG-0058;2023;9;12.79
HIG-0058;2023;10;12.94
HIG-0058;2023;11;13.06
HIG-0058;2023;12;12.56
HIG-0058;2024;1;12.68
HIG-0058;2024;2;13.11
HIG-0058;2024;3;12.98
HIG-0058;2024;4;13.44
HIG-0058;2024;5;13.18
HIG-0058;2024;6;12.92
HIG-0058;2024;7;13.11
HIG-0058;2024;8;12.87
HIG-0058;2024;9;13.44
HIG-0058;2024;10;13.51
HIG-0058;2024;11;13.52
HIG-0058;2024;12;13.89
HIG-0059;2023;1;8.52
HIG-0059;2023;2;8.38
HIG-0059;2023;3;8.17
HIG-0059;2023;5;8.59
HIG-0059;2023;6;8.6
HIG-0059;2023;7;8.72
HIG-0059;2023;8;8.48
HIG-0059;2023;9;8.93
HIG-0059;2023;10;8.59
HIG-0059;2023;11;8.85
HIG-0059;2023;12;8.57
HIG-0059;2024;1;8.71
HIG-0059;2024;2;9.07
HIG-0059;2024;3;8.87
HIG-0059;2024;4;9.06
HIG-0059;2024;5;9.02
HIG-0059;2024;6;9.01
HIG-0059;2024;7;9.26
HIG-0059;2024;8;9.08
HIG-0059;2024;9;8.91
HIG-0059;2024;10;9.08
HIG-0059;2024;11;9.31
HIG-0059;2024;12;9.33
HIG-0060;2023;1;8.65
HIG-0060;2023;2;8.8
HIG-0060;2023;3;8.86
HIG-0060;2023;4;8.93
HIG-0060;2023;5;8.83
HIG-0060;2023;6;8.98
HIG-0060;2023;7;9.0
HIG-0060;2023;8;9.25
HIG-0060;2023;9;9.3
HIG-0060;2023;10;9.21
HIG-0060;2023;11;9.21
HIG-0060;2023;12;9.33
HIG-0060;2024;1;9.24
HIG-0060;2024;2;9.23
HIG-0060;2024;3;9.3
HIG-0060;2024;4;9.39
HIG-0060;2024;5;9.35
HIG-0060;2024;6;9.59
HIG-0060;2024;7;9.71
HIG-0060;2024;8;9.42
HIG-0060;2024;9;9.7
HIG-0060;2024;10;9.7
HIG-0060;2024;11;9.83
HIG-0060;2024;12;9.82
HIG-0061;2023;1;3.98
HIG-0061;2023;2;4.01
HIG-0061;2023;3;4.11
HIG-0061;2023;4;4.19
HIG-0061;2023;5;4.01
HIG-0061;2023;6;4.18
HIG-0061;2023;7;4.26
HIG-0061;2023;8;4.19
HIG-0061;2023;9;4.25
HIG-0061;2023;10;4.19
HIG-0061;2023;11;4.25
HIG-0061;2023;12;4.17
HIG-0061;2024;1;4.14
HIG-0061;2024;2;4.38
HIG-0061;2024;3;4.27
HIG-0061;2024;4;4.32
HIG-0061;2024;5;4.28
HIG-0061;2024;6;4.3
HIG-0061;2024;7;4.4
HIG-0061;2024;8;4.38
HIG-0061;2024;9;4.48
HIG-0061;2024;10;4.5
HIG-0061;2024;11;4.51
HIG-0061;2024;12;4.53
HIG-0062;2023;1;4.52
HIG-0062;2023;2;4.36
HIG-0062;2023;3;4.45
HIG-0062;2023;4;4.55
HIG-0062;2023;5;4.58
HIG-0062;2023;6;4.42
HIG-0062;2023;7;4.51
HIG-0062;2023;8;4.65
HIG-0062;2023;9;4.61
HIG-0062;2023;10;4.61
HIG-0062;2023;11;4.6
HIG-0062;2023;12;4.61
HIG-0062;2024;1;4.68
HIG-0062;2024;2;4.66
HIG-0062;2024;3;4.7
HIG-0062;2024;4;4.72
HIG-0062;2024;5;4.69
HIG-0062;2024;6;4.8
HIG-0062;2024;7;4.99
HIG-0062;2024;8;4.68
HIG-0062;2024;9;4.85
HIG-0062;2024;10;4.79
HIG-0062;2024;11;4.91
HIG-0062;2024;12;4.9
HIG-0063;2023;1;7.96
HIG-0063;2023;2;8.05
HIG-0063;2023;3;7.96
HIG-0063;2023;4;8.11
HIG-0063;2023;5;7.73
HIG-0063;2023;6;8.24
HIG-0063;2023;7;8.13
HIG-0063;2023;8;8.25
HIG-0063;2023;9;8.01
HIG-0063;2023;10;8.09
HIG-0063;2023;11;8.25
HIG-0063;2023;12;8.27
HIG-0063;2024;1;8.34
HIG-0063;2024;2;8.48
HIG-0063;2024;3;8.16
HIG-0063;2024;4;8.54
HIG-0063;2024;5;8.46
HIG-0063;2024;6;8.47
HIG-0063;2024;7;8.34
HIG-0063;2024;8;8.64
HIG-0063;2024;9;8.3
HIG-0063;2024;10;8.73
HIG-0063;2024;11;8.49
HIG-0063;2024;12;8.73
HIG-0064;2023;1;5.39
HIG-0064;2023;2;5.51
HIG-0064;2023;3;5.43
HIG-0064;2023;4;5.41
HIG-0064;2023;5;5.45
HIG-0064;2023;6;5.62
HIG-0064;2023;7;5.59
HIG-0064;2023;8;5.54
HIG-0064;2023;9;5.57
HIG-0064;2023;10;5.49
HIG-0064;2023;11;5.68
HIG-0064;2023;12;5.52
HIG-0064;2024;1;5.76
HIG-0064;2024;2;5.73
HIG-0064;2024;3;5.95
HIG-0064;2024;4;5.68
HIG-0064;2024;5;5.79
HIG-0064;2024;6;5.98
HIG-0064;2024;7;5.95
HIG-0064;2024;8;5.81
HIG-0064;2024;9;5.92
HIG-0064;2024;11;5.98
HIG-0064;2024;12;5.92
HIG-0065;2023;1;3.38
HIG-0065;2023;2;3.32
HIG-0065;2023;3;3.42
HIG-0065;2023;4;3.45
HIG-0065;2023;5;3.44
HIG-0065;2023;6;3.38
HIG-0065;2023;7;3.53
HIG-0065;2023;8;3.51
HIG-0065;2023;9;3.47
HIG-0065;2023;10;3.51
HIG-0065;2023;11;3.46
HIG-0065;2023;12;3.5
HIG-0065;2024;1;3.54
HIG-0065;2024;2;3.66
HIG-0065;2024;3;3.57
HIG-0065;2024;4;3.66
HIG-0065;2024;5;3.61
HIG-0065;2024;6;3.67
HIG-0065;2024;7;3.66
HIG-0065;2024;8;3.74
HIG-0065;2024;9;3.67
HIG-0065;2024;10;3.63
HIG-0065;2024;11;3.66
HIG-0065;2024;12;3.72
HIG-0066;2023;1;25.56
HIG-0066;2023;2;26.33
HIG-0066;2023;3;26.1
HIG-0066;2023;4;27.34
HIG-0066;2023;5;25.83
HIG-0066;2023;6;26.72
HIG-0066;2023;7;26.31
HIG-0066;2023;8;26.68
HIG-0066;2023;9;27.06
HIG-0066;2023;10;26.18
HIG-0066;2023;11;27.34
HIG-0066;2023;12;28.15
HIG-0066;2024;1;27.3
HIG-0066;2024;2;27.72
HIG-0066;2024;3;28.16
HIG-0066;2024;4;27.79
HIG-0066;2024;5;27.74
HIG-0066;2024;6;27.15
HIG-0066;2024;7;28.51
HIG-0066;2024;8;28.32
HIG-0066;2024;9;28.06
HIG-0066;2024;10;28.68
HIG-0066;2024;11;28.5
HIG-0066;2024;12;28.65
HIG-0067;2023;1;26.28
HIG-0067;2023;2;25.64
HIG-0067;2023;3;26.7
HIG-0067;2023;4;25.85
HIG-0067;2023;5;26.26
HIG-0067;2023;6;27.41
HIG-0067;2023;7;27.21
HIG-0067;2023;8;26.92
HIG-0067;2023;9;26.62
HIG-0067;2023;10;26.91
HIG-0067;2023;11;27.27
HIG-0067;2023;12;27.38
HIG-0067;2024;1;27.45
HIG-0067;2024;2;27.6
HIG-0067;2024;3;27.65
HIG-0067;2024;4;27.26
HIG-0067;2024;5;27.77
HIG-0067;2024;6;28.5
HIG-0067;2024;7;27.66
HIG-0067;2024;8;28.29
HIG-0067;2024;9;28.14
HIG-0067;2024;10;28.67
HIG-0067;2024;11;28.58
HIG-0067;2024;12;29.52
HIG-0068;2023;1;27.82
HIG-0068;2023;2;27.19
HIG-0068;2023;3;28.14
HIG-0068;2023;4;27.66
HIG-0068;2023;5;27.87
HIG-0068;2023;6;28.37
HIG-0068;2023;7;28.16
HIG-0068;2023;8;28.88
HIG-0068;2023;9;28.29
HIG-0068;2023;10;28.49
HIG-0068;2023;11;28.6
HIG-0068;2023;12;28.77
HIG-0068;2024;1;29.62
HIG-0068;2024;2;29.55
HIG-0068;2024;3;30.16
HIG-0068;2024;4;30.54
HIG-0068;2024;5;29.21
HIG-0068;2024;6;29.84
HIG-0068;2024;7;29.41
HIG-0068;2024;8;29.72
HIG-0068;2024;9;29.92
HIG-0068;2024;10;29.86
HIG-0068;2024;11;30.0
HIG-0068;2024;12;30.55
HIG-0069;2023;1;5.07
HIG-0069;2023;2;5.26
HIG-0069;2023;3;5.14
HIG-0069;2023;4;5.46
HIG-0069;2023;5;5.23
HIG-0069;2023;6;5.29
HIG-0069;2023;7;5.21
HIG-0069;2023;8;5.47
HIG-0069;2023;9;5.45
HIG-0069;2023;10;5.4
HIG-0069;2023;11;5.3
HIG-0069;2023;12;5.45
HIG-0069;2024;1;5.36
HIG-0069;2024;2;5.6
HIG-0069;2024;4;5.54
HIG-0069;2024;5;5.35
HIG-0069;2024;7;5.66
HIG-0069;2024;8;5.73
HIG-0069;2024;9;5.75
HIG-0069;2024;10;5.54
HIG-0069;2024;11;5.73
HIG-0069;2024;12;5.82
HIG-0070;2023;1;2.3
HIG-0070;2023;2;2.37
HIG-0070;2023;3;2.39
HIG-0070;2023;4;2.38
HIG-0070;2023;5;2.34
HIG-0070;2023;6;2.4
HIG-0070;2023;7;2.41
HIG-0070;2023;8;2.43
HIG-0070;2023;9;2.43
HIG-0070;2023;10;2.44
HIG-0070;2023;11;2.47
HIG-0070;2023;12;2.5
HIG-0070;2024;1;2.48
HIG-0070;2024;2;2.49
HIG-0070;2024;3;2.52
HIG-0070;2024;4;2.45
HIG-0070;2024;5;2.55
HIG-0070;2024;6;2.55
HIG-0070;2024;7;2.56
HIG-0070;2024;8;2.61
HIG-0070;2024;9;2.51
HIG-0070;2024;10;2.52
HIG-0070;2024;11;2.62
HIG-0070;2024;12;2.62
HIG-0071;2023;1;7.8
HIG-0071;2023;2;7.76
HIG-0071;2023;3;7.93
HIG-0071;2023;5;7.98
HIG-0071;2023;6;7.92
HIG-0071;2023;7;7.74
HIG-0071;2023;8;8.12
HIG-0071;2023;9;8.21
HIG-0071;2023;10;8.18
HIG-0071;2023;11;8.03
HIG-0071;2023;12;8.25
HIG-0071;2024;1;8.31
HIG-0071;2024;2;8.44
HIG-0071;2024;3;8.17
HIG-0071;2024;4;8.29
HIG-0071;2024;5;8.45
HIG-0071;2024;6;8.4
HIG-0071;2024;7;8.29
HIG-0071;2024;8;8.52
HIG-0071;2024;9;8.58
HIG-0071;2024;10;8.56
HIG-0071;2024;11;8.61
HIG-0071;2024;12;8.59
HIG-0072;2023;1;1.77
HIG-0072;2023;2;1.72
HIG-0072;2023;3;1.73
HIG-0072;2023;4;1.76
HIG-0072;2023;5;1.79
HIG-0072;2023;7;1.74
HIG-0072;2023;8;1.73
HIG-0072;2023;10;1.77
HIG-0072;2023;11;1.8
HIG-0072;2023;12;1.84
HIG-0072;2024;1;1.81
HIG-0072;2024;2;1.84
HIG-0072;2024;3;1.84
HIG-0072;2024;4;1.87
HIG-0072;2024;5;1.87
HIG-0072;2024;6;1.85
HIG-0072;2024;7;1.87
HIG-0072;2024;8;1.92
HIG-0072;2024;9;1.91
HIG-0072;2024;10;1.86
HIG-0072;2024;11;1.93
HIG-0072;2024;12;1.89
HIG-0073;2023;1;6.52
HIG-0073;2023;2;6.51
HIG-0073;2023;3;6.47
HIG-0073;2023;4;6.49
HIG-0073;2023;5;6.48
HIG-0073;2023;6;6.6
HIG-0073;2023;7;6.52
HIG-0073;2023;8;6.61
HIG-0073;2023;9;6.71
HIG-0073;2023;10;6.59
HIG-0073;2023;11;6.62
HIG-0073;2023;12;6.59
HIG-0073;2024;1;6.63
HIG-0073;2024;2;6.58
HIG-0073;2024;3;6.87
HIG-0073;2024;4;7.02
HIG-0073;2024;5;7.01
HIG-0073;2024;6;6.72
HIG-0073;2024;7;7.0
HIG-0073;2024;8;7.1
HIG-0073;2024;9;6.94
HIG-0073;2024;10;7.03
HIG-0073;2024;11;6.84
HIG-0073;2024;12;7.11
HIG-0074;2023;1;8.72
HIG-0074;2023;2;8.93
HIG-0074;2023;3;8.73
HIG-0074;2023;4;9.05
HIG-0074;2023;5;9.16
HIG-0074;2023;6;8.96
HIG-0074;2023;7;8.95
HIG-0074;2023;8;8.85
HIG-0074;2023;9;9.15
HIG-0074;2023;10;9.15
HIG-0074;2023;11;9.05
HIG-0074;2023;12;9.37
HIG-0074;2024;1;9.29
HIG-0074;2024;2;9.24
HIG-0074;2024;3;9.36
HIG-0074;2024;4;9.63
HIG-0074;2024;5;9.61
HIG-0074;2024;6;9.54
HIG-0074;2024;7;9.7
HIG-0074;2024;8;9.48
HIG-0074;2024;9;9.7
HIG-0074;2024;10;9.76
HIG-0074;2024;11;9.71
HIG-0074;2024;12;9.89
HIG-0075;2023;1;1.66
HIG-0075;2023;2;1.7
HIG-0075;2023;3;1.7
HIG-0075;2023;4;1.62
HIG-0075;2023;5;1.74
HIG-0075;2023;6;1.64
HIG-0075;2023;7;1.71
HIG-0075;2023;8;1.76
HIG-0075;2023;9;1.73
HIG-0075;2023;10;1.71
HIG-0075;2023;11;1.72
HIG-0075;2023;12;1.79
HIG-0075;2024;1;1.72
HIG-0075;2024;2;1.81
HIG-0075;2024;3;1.78
HIG-0075;2024;4;1.76
HIG-0075;2024;5;1.78
HIG-0075;2024;6;1.78
HIG-0075;2024;7;1.84
HIG-0075;2024;8;1.85
HIG-0075;2024;9;1.79
HIG-0075;2024;10;1.83
HIG-0075;2024;11;1.83
HIG-0075;2024;12;1.89
HIG-0076;2023;1;2.31
HIG-0076;2023;2;2.43
HIG-0076;2023;3;2.38
HIG-0076;2023;4;2.35
HIG-0076;2023;5;2.38
HIG-0076;2023;6;2.38
HIG-0076;2023;7;2.38
HIG-0076;2023;8;2.44
HIG-0076;2023;9;2.4
HIG-0076;2023;10;2.38
HIG-0076;2023;11;2.45
HIG-0076;2023;12;2.41
HIG-0076;2024;1;2.46
HIG-0076;2024;2;2.47
HIG-0076;2024;5;2.54
HIG-0076;2024;6;2.56
HIG-0076;2024;7;2.49
HIG-0076;2024;8;2.54
HIG-0076;2024;9;2.59
HIG-0076;2024;10;2.55
HIG-0076;2024;11;2.64
HIG-0076;2024;12;2.57
COS-0077;2023;1;21.46
COS-0077;2023;2;21.46
COS-0077;2023;3;21.8
COS-0077;2023;4;21.64
COS-0077;2023;5;21.86
COS-0077;2023;6;21.97
COS-0077;2023;7;21.9
COS-0077;2023;8;22.41
COS-0077;2023;9;22.43
COS-0077;2023;10;22.42
COS-0077;2023;11;22.4
COS-0077;2023;12;22.92
COS-0077;2024;1;22.67
COS-0077;2024;2;22.75
COS-0077;2024;3;22.99
COS-0077;2024;4;23.65
COS-0077;2024;5;22.7
COS-0077;2024;6;23.54
COS-0077;2024;7;22.71
COS-0077;2024;8;23.55
COS-0077;2024;9;24.14
COS-0077;2024;10;23.86
COS-0077;2024;11;23.86
COS-0077;2024;12;23.7
COS-0078;2023;1;25.89
COS-0078;2023;2;25.89
COS-0078;2023;3;25.8
COS-0078;2023;4;26.11
COS-0078;2023;5;26.42
COS-0078;2023;6;26.16
COS-0078;2023;7;26.26
COS-0078;2023;8;26.16
COS-0078;2023;9;26.98
COS-0078;2023;10;27.16
COS-0078;2023;11;27.16
COS-0078;2023;12;27.58
COS-0078;2024;1;27.35
COS-0078;2024;2;27.59
COS-0078;2024;3;27.68
COS-0078;2024;4;27.64
COS-0078;2024;5;27.58
COS-0078;2024;6;28.86
COS-0078;2024;7;27.86
COS-0078;2024;8;27.9
COS-0078;2024;9;28.49
COS-0078;2024;10;28.54
COS-0078;2024;11;27.96
COS-0078;2024;12;29.18
COS-0079;2023;1;30.15
COS-0079;2023;2;29.83
COS-0079;2023;3;31.01
COS-0079;2023;4;30.89
COS-0079;2023;5;30.16
COS-0079;2023;6;31.71
COS-0079;2023;7;31.33
COS-0079;2023;8;31.16
COS-0079;2023;9;32.05
COS-0079;2023;10;31.52
COS-0079;2023;11;31.57
COS-0079;2023;12;31.41
COS-0079;2024;1;32.15
COS-0079;2024;2;32.24
COS-0079;2024;3;32.16
COS-0079;2024;4;31.92
COS-0079;2024;5;32.51
COS-0079;2024;6;32.56
COS-0079;2024;7;32.08
COS-0079;2024;8;32.16
COS-0079;2024;9;33.31
COS-0079;2024;10;31.89
COS-0079;2024;11;33.43
COS-0079;2024;12;33.24
COS-0080;2023;1;28.59
COS-0080;2023;2;27.95
COS-0080;2023;3;28.57
COS-0080;2023;4;28.25
COS-0080;2023;5;28.59
COS-0080;2023;6;28.99
COS-0080;2023;7;28.6
COS-0080;2023;8;29.36
COS-0080;2023;9;28.63
COS-0080;2023;10;29.32
COS-0080;2023;11;29.73
COS-0080;2023;12;29.75
COS-0080;2024;1;30.44
COS-0080;2024;2;29.38
COS-0080;2024;3;29.24
COS-0080;2024;4;29.54
COS-0080;2024;5;30.42
COS-0080;2024;6;30.49
COS-0080;2024;7;30.44
COS-0080;2024;8;30.02
COS-0080;2024;9;31.02
COS-0080;2024;10;30.24
COS-0080;2024;11;31.49
COS-0080;2024;12;32.42
COS-0081;2023;1;11.37
COS-0081;2023;2;11.46
COS-0081;2023;3;11.33
COS-0081;2023;4;11.15
COS-0081;2023;5;11.41
COS-0081;2023;6;11.37
COS-0081;2023;7;11.36
COS-0081;2023;8;11.97
COS-0081;2023;9;11.77
COS-0081;2023;10;11.84
COS-0081;2023;11;11.77
COS-0081;2023;12;11.85
COS-0081;2024;1;12.11
COS-0081;2024;2;11.98
COS-0081;2024;3;12.14
COS-0081;2024;4;12.06
COS-0081;2024;5;12.09
COS-0081;2024;6;11.95
COS-0081;2024;7;11.9
COS-0081;2024;8;12.27
COS-0081;2024;9;12.38
COS-0081;2024;10;12.19
COS-0081;2024;11;12.48
COS-0081;2024;12;12.55
COS-0082;2023;1;16.68
COS-0082;2023;2;17.08
COS-0082;2023;3;17.5
COS-0082;2023;4;17.57
COS-0082;2023;5;17.25
COS-0082;2023;6;17.67
COS-0082;2023;7;17.98
COS-0082;2023;8;17.99
COS-0082;2023;9;17.84
COS-0082;2023;10;17.82
COS-0082;2023;11;17.86
COS-0082;2023;12;18.24
COS-0082;2024;1;18.24
COS-0082;2024;2;18.45
COS-0082;2024;3;18.39
COS-0082;2024;4;18.66
COS-0082;2024;5;18.55
COS-0082;2024;6;18.82
COS-0082;2024;7;18.93
COS-0082;2024;8;18.55
COS-0082;2024;9;18.34
COS-0082;2024;10;19.38
COS-0082;2024;11;19.1
COS-0082;2024;12;18.62
COS-0083;2023;1;9.58
COS-0083;2023;2;9.84
COS-0083;2023;3;9.73
COS-0083;2023;4;9.74
COS-0083;2023;5;10.07
COS-0083;2023;6;9.75
COS-0083;2023;7;9.83
COS-0083;2023;8;10.03
COS-0083;2023;9;10.1
COS-0083;2023;10;10.16
COS-0083;2023;11;10.27
COS-0083;2023;12;10.21
COS-0083;2024;1;10.3
COS-0083;2024;2;10.23
COS-0083;2024;3;10.33
COS-0083;2024;4;10.38
COS-0083;2024;5;10.44
COS-0083;2024;6;10.58
COS-0083;2024;8;10.56
COS-0083;2024;9;10.47
COS-0083;2024;10;10.66
COS-0083;2024;11;10.69
COS-0083;2024;12;10.77
COS-0084;2023;1;5.76
COS-0084;2023;2;5.55
COS-0084;2023;3;5.66
COS-0084;2023;4;5.74
COS-0084;2023;5;5.68
COS-0084;2023;6;5.9
COS-0084;2023;7;5.69
COS-0084;2023;8;5.78
COS-0084;2023;9;5.71
COS-0084;2023;10;5.77
COS-0084;2023;11;5.85
COS-0084;2023;12;5.93
COS-0084;2024;1;5.91
COS-0084;2024;2;6.02
COS-0084;2024;3;5.93
COS-0084;2024;4;5.93
COS-0084;2024;5;6.23
COS-0084;2024;6;6.05
COS-0084;2024;7;5.98
COS-0084;2024;8;6.01
COS-0084;2024;9;6.01
COS-0084;2024;10;6.21
COS-0084;2024;11;6.12
COS-0084;2024;12;6.19
COS-0085;2023;1;15.06
COS-0085;2023;2;15.31
COS-0085;2023;4;15.03
COS-0085;2023;5;15.4
COS-0085;2023;6;15.56
COS-0085;2023;7;15.57
COS-0085;2023;8;15.37
COS-0085;2023;9;15.79
COS-0085;2023;11;15.65
COS-0085;2023;12;15.62
COS-0085;2024;1;16.22
COS-0085;2024;2;16.13
COS-0085;2024;3;16.2
COS-0085;2024;4;16.43
COS-0085;2024;5;16.88
COS-0085;2024;6;15.86
COS-0085;2024;7;16.16
COS-0085;2024;8;16.27
COS-0085;2024;9;16.28
COS-0085;2024;10;16.3
COS-0085;2024;11;16.57
COS-0085;2024;12;16.41
COS-0086;2023;1;8.64
COS-0086;2023;2;8.64
COS-0086;2023;3;8.74
COS-0086;2023;4;8.78
COS-0086;2023;5;8.83
COS-0086;2023;6;8.74
COS-0086;2023;7;9.11
COS-0086;2023;8;8.9
COS-0086;2023;9;8.66
COS-0086;2023;10;8.82
COS-0086;2023;11;8.76
COS-0086;2023;12;9.03
COS-0086;2024;1;9.06
COS-0086;2024;2;9.05
COS-0086;2024;3;9.43
COS-0086;2024;4;9.27
COS-0086;2024;5;9.34
COS-0086;2024;6;9.15
COS-0086;2024;7;9.18
COS-0086;2024;8;9.37
COS-0086;2024;9;9.43
COS-0086;2024;10;9.18
COS-0086;2024;11;9.46
COS-0086;2024;12;9.53
COS-0087;2023;1;6.43
COS-0087;2023;2;6.4
COS-0087;2023;3;6.45
COS-0087;2023;4;6.52
COS-0087;2023;5;6.57
COS-0087;2023;6;6.65
COS-0087;2023;7;6.73
COS-0087;2023;8;6.62
COS-0087;2023;9;6.64
COS-0087;2023;10;6.76
COS-0087;2023;11;6.81
COS-0087;2023;12;6.73
COS-0087;2024;1;6.89
COS-0087;2024;2;6.94
COS-0087;2024;3;7.0
COS-0087;2024;4;7.08
COS-0087;2024;5;6.84
COS-0087;2024;6;6.96
COS-0087;2024;7;6.99
COS-0087;2024;8;7.01
COS-0087;2024;9;6.98
COS-0087;2024;10;6.93
COS-0087;2024;11;7.13
COS-0087;2024;12;7.07
COS-0088;2023;1;19.42
COS-0088;2023;2;19.25
COS-0088;2023;3;19.25
COS-0088;2023;4;19.73
COS-0088;2023;5;19.79
COS-0088;2023;6;20.01
COS-0088;2023;7;20.58
COS-0088;2023;8;20.1
COS-0088;2023;9;20.25
COS-0088;2023;10;19.87
COS-0088;2023;11;19.9
COS-0088;2023;12;20.86
COS-0088;2024;1;20.19
COS-0088;2024;2;20.24
COS-0088;2024;3;20.64
COS-0088;2024;5;20.56
COS-0088;2024;6;20.84
COS-0088;2024;7;21.42
COS-0088;2024;8;20.87
COS-0088;2024;9;20.78
COS-0088;2024;10;21.62
COS-0088;2024;11;21.57
COS-0088;2024;12;21.31
COS-0089;2023;1;59.35
COS-0089;2023;2;60.38
COS-0089;2023;3;61.29
COS-0089;2023;4;62.69
COS-0089;2023;5;60.93
COS-0089;2023;6;62.09
COS-0089;2023;7;63.09
COS-0089;2023;8;60.49
COS-0089;2023;9;63.99
COS-0089;2023;10;62.18
COS-0089;2023;11;63.9
COS-0089;2023;12;64.11
COS-0089;2024;1;65.2
COS-0089;2024;2;64.98
COS-0089;2024;3;62.43
COS-0089;2024;4;64.26
COS-0089;2024;5;65.46
COS-0089;2024;6;65.42
COS-0089;2024;7;66.38
COS-0089;2024;8;66.99
COS-0089;2024;9;67.11
COS-0089;2024;11;65.25
COS-0089;2024;12;66.95
COS-0090;2023;1;56.46
COS-0090;2023;2;55.44
COS-0090;2023;3;57.16
COS-0090;2023;4;57.65
COS-0090;2023;5;57.24
COS-0090;2023;6;54.75
COS-0090;2023;7;56.54
COS-0090;2023;8;59.54
COS-0090;2023;9;57.69
COS-0090;2023;10;56.69
COS-0090;2023;11;59.78
COS-0090;2023;12;58.97
COS-0090;2024;1;60.2
COS-0090;2024;2;59.73
COS-0090;2024;3;60.16
COS-0090;2024;4;60.35
COS-0090;2024;5;60.92
COS-0090;2024;6;62.63
COS-0090;2024;7;61.72
COS-0090;2024;8;59.66
COS-0090;2024;9;61.8
COS-0090;2024;10;62.72
COS-0090;2024;11;63.06
COS-0090;2024;12;61.82
COS-0091;2023;1;19.0
COS-0091;2023;2;19.02
COS-0091;2023;3;19.57
COS-0091;2023;4;18.71
COS-0091;2023;5;18.87
COS-0091;2023;6;19.01
COS-0091;2023;7;19.04
COS-0091;2023;8;19.01
COS-0091;2023;9;18.55
COS-0091;2023;10;19.32
COS-0091;2023;11;19.64
COS-0091;2023;12;19.47
COS-0091;2024;1;20.28
COS-0091;2024;2;19.8
COS-0091;2024;3;20.27
COS-0091;2024;4;20.05
COS-0091;2024;6;20.24
COS-0091;2024;8;20.35
COS-0091;2024;9;20.58
COS-0091;2024;10;20.63
COS-0091;2024;11;20.52
COS-0091;2024;12;20.83
COS-0092;2023;1;21.72
COS-0092;2023;2;21.02
COS-0092;2023;3;21.34
COS-0092;2023;4;21.7
COS-0092;2023;5;21.76
COS-0092;2023;6;21.49
COS-0092;2023;7;20.82
COS-0092;2023;8;21.85
COS-0092;2023;9;21.06
COS-0092;2023;10;22.36
COS-0092;2023;11;22.03
COS-0092;2023;12;22.41
COS-0092;2024;1;21.88
COS-0092;2024;2;21.76
COS-0092;2024;3;22.46
COS-0092;2024;4;22.47
COS-0092;2024;5;22.41
COS-0092;2024;6;22.71
COS-0092;2024;7;23.73
COS-0092;2024;8;23.17
COS-0092;2024;9;23.35
COS-0092;2024;10;23.38
COS-0092;2024;11;23.71
COS-0092;2024;12;23.23
COS-0093;2023;1;67.99
COS-0093;2023;2;70.27
COS-0093;2023;3;71.65
COS-0093;2023;4;70.07
COS-0093;2023;5;71.24
COS-0093;2023;6;71.0
COS-0093;2023;7;73.69
COS-0093;2023;8;73.21
COS-0093;2023;9;73.43
COS-0093;2023;10;73.73
COS-0093;2023;11;73.33
COS-0093;2023;12;73.92
COS-0093;2024;1;72.72
COS-0093;2024;2;71.93
COS-0093;2024;3;74.87
COS-0093;2024;4;75.41
COS-0093;2024;5;76.75
COS-0093;2024;6;77.5
COS-0093;2024;7;77.85
COS-0093;2024;8;75.26
COS-0093;2024;9;76.34
COS-0093;2024;10;77.65
COS-0093;2024;11;80.38
COS-0093;2024;12;79.51
COS-0094;2023;1;26.12
COS-0094;2023;2;25.66
COS-0094;2023;3;25.58
COS-0094;2023;4;26.35
COS-0094;2023;5;25.73
COS-0094;2023;6;26.18
COS-0094;2023;7;26.35
COS-0094;2023;8;27.15
COS-0094;2023;9;26.49
COS-0094;2023;10;25.77
COS-0094;2023;11;27.08
COS-0094;2023;12;26.71
COS-0094;2024;1;27.13
COS-0094;2024;2;27.2
COS-0094;2024;3;27.25
COS-0094;2024;4;27.81
COS-0094;2024;5;26.97
COS-0094;2024;6;27.52
COS-0094;2024;7;28.14
COS-0094;2024;8;27.72
COS-0094;2024;9;27.43
COS-0094;2024;10;28.52
COS-0094;2024;11;28.84
COS-0094;2024;12;28.47
COS-0095;2023;1;27.21
COS-0095;2023;2;28.46
COS-0095;2023;3;27.58
COS-0095;2023;4;28.54
COS-0095;2023;5;28.16
COS-0095;2023;6;28.17
COS-0095;2023;7;28.61
COS-0095;2023;8;28.85
COS-0095;2023;9;28.78
COS-0095;2023;10;29.45
COS-0095;2023;11;29.12
COS-0095;2023;12;29.89
COS-0095;2024;1;29.71
COS-0095;2024;2;29.41
COS-0095;2024;3;29.46
COS-0095;2024;4;29.25
COS-0095;2024;5;30.25
COS-0095;2024;6;30.1
COS-0095;2024;7;29.31
COS-0095;2024;8;30.28
COS-0095;2024;9;30.25
COS-0095;2024;10;31.53
COS-0095;2024;11;30.15
COS-0095;2024;12;30.41
COS-0096;2023;1;24.66
COS-0096;2023;2;24.86
COS-0096;2023;3;24.2
COS-0096;2023;4;24.36
COS-0096;2023;5;24.93
COS-0096;2023;6;23.94
COS-0096;2023;7;24.23
COS-0096;2023;8;24.93
COS-0096;2023;9;25.73
COS-0096;2023;10;25.09
COS-0096;2023;11;25.41
COS-0096;2023;12;25.92
COS-0096;2024;1;26.41
COS-0096;2024;2;25.5
COS-0096;2024;3;25.83
COS-0096;2024;4;26.66
COS-0096;2024;5;25.47
COS-0096;2024;6;26.59
COS-0096;2024;7;25.9
COS-0096;2024;8;26.46
COS-0096;2024;9;26.44
COS-0096;2024;10;26.28
COS-0096;2024;11;26.38
COS-0096;2024;12;27.01
COS-0097;2023;1;18.46
COS-0097;2023;2;18.23
COS-0097;2023;3;18.37
COS-0097;2023;4;18.59
COS-0097;2023;5;18.24
COS-0097;2023;6;18.8
COS-0097;2023;7;18.91
COS-0097;2023;8;19.5
COS-0097;2023;9;18.74
COS-0097;2023;10;18.8
COS-0097;2023;11;19.24
COS-0097;2023;12;19.34
COS-0097;2024;1;19.04
COS-0097;2024;2;19.16
COS-0097;2024;3;19.52
COS-0097;2024;4;19.21
COS-0097;2024;5;19.42
COS-0097;2024;6;19.65
COS-0097;2024;7;20.01
COS-0097;2024;8;19.62
COS-0097;2024;9;19.34
COS-0097;2024;10;19.41
COS-0097;2024;11;19.69
COS-0097;2024;12;19.77
COS-0098;2023;1;12.08
COS-0098;2023;2;11.95
COS-0098;2023;3;12.09
COS-0098;2023;4;12.13
COS-0098;2023;5;12.25
COS-0098;2023;6;12.63
COS-0098;2023;7;12.56
COS-0098;2023;8;12.5
COS-0098;2023;9;12.47
COS-0098;2023;10;12.53
COS-0098;2023;11;12.73
COS-0098;2023;12;12.83
COS-0098;2024;1;12.61
COS-0098;2024;3;12.5
COS-0098;2024;4;12.99
COS-0098;2024;5;13.16
COS-0098;2024;6;13.02
COS-0098;2024;7;13.49
COS-0098;2024;8;13.01
COS-0098;2024;9;13.29
COS-0098;2024;10;13.3
COS-0098;2024;11;13.35
COS-0098;2024;12;13.4
COS-0099;2023;1;16.19
COS-0099;2023;2;16.44
COS-0099;2023;3;16.64
COS-0099;2023;4;16.38
COS-0099;2023;5;16.65
COS-0099;2023;6;16.35
COS-0099;2023;7;16.79
COS-0099;2023;8;16.48
COS-0099;2023;9;17.02
COS-0099;2023;10;17.38
COS-0099;2023;11;16.87
COS-0099;2023;12;16.42
COS-0099;2024;1;16.91
COS-0099;2024;2;17.45
COS-0099;2024;3;17.35
COS-0099;2024;4;17.35
COS-0099;2024;5;17.63
COS-0099;2024;6;17.57
COS-0099;2024;7;17.84
COS-0099;2024;8;17.84
COS-0099;2024;9;18.08
COS-0099;2024;10;17.85
COS-0099;2024;11;18.08
COS-0099;2024;12;17.83
COS-0100;2023;1;14.01
COS-0100;2023;2;14.56
COS-0100;2023;3;14.31
COS-0100;2023;4;14.5
COS-0100;2023;5;14.42
COS-0100;2023;6;14.33
COS-0100;2023;7;14.52
COS-0100;2023;8;14.9
COS-0100;2023;9;14.77
COS-0100;2023;11;14.74
COS-0100;2023;12;15.25
COS-0100;2024;1;14.87
COS-0100;2024;2;14.58
COS-0100;2024;3;15.48
COS-0100;2024;4;15.27
COS-0100;2024;5;15.17
COS-0100;2024;6;15.17
COS-0100;2024;7;15.57
COS-0100;2024;8;15.27
COS-0100;2024;9;15.73
COS-0100;2024;10;15.66
COS-0100;2024;11;15.66
COS-0100;2024;12;15.71
SUP-0101;2023;1;8.04
SUP-0101;2023;2;8.22
SUP-0101;2023;3;8.03
SUP-0101;2023;4;7.97
SUP-0101;2023;5;8.28
SUP-0101;2023;6;8.32
SUP-0101;2023;7;8.34
SUP-0101;2023;8;8.37
SUP-0101;2023;9;8.31
SUP-0101;2023;10;8.49
SUP-0101;2023;11;8.42
SUP-0101;2023;12;8.41
SUP-0101;2024;1;8.47
SUP-0101;2024;2;8.8
SUP-0101;2024;3;8.36
SUP-0101;2024;4;8.69
SUP-0101;2024;5;8.44
SUP-0101;2024;6;8.68
SUP-0101;2024;7;8.68
SUP-0101;2024;8;8.5
SUP-0101;2024;9;8.87
SUP-0101;2024;10;8.81
SUP-0101;2024;11;8.62
SUP-0101;2024;12;9.05
SUP-0102;2023;1;14.44
SUP-0102;2023;2;14.52
SUP-0102;2023;3;14.34
SUP-0102;2023;4;14.34
SUP-0102;2023;5;14.68
SUP-0102;2023;6;14.82
SUP-0102;2023;7;14.77
SUP-0102;2023;8;14.38
SUP-0102;2023;9;14.7
SUP-0102;2023;10;14.81
SUP-0102;2023;11;14.38
SUP-0102;2023;12;14.95
SUP-0102;2024;1;15.43
SUP-0102;2024;2;15.13
SUP-0102;2024;3;15.38
SUP-0102;2024;4;15.16
SUP-0102;2024;5;15.17
SUP-0102;2024;6;15.34
SUP-0102;2024;7;15.14
SUP-0102;2024;8;15.17
SUP-0102;2024;9;15.76
SUP-0102;2024;10;15.85
SUP-0102;2024;11;15.37
SUP-0102;2024;12;15.9
SUP-0103;2023;1;4.5
SUP-0103;2023;2;4.55
SUP-0103;2023;3;4.58
SUP-0103;2023;4;4.63
SUP-0103;2023;5;4.59
SUP-0103;2023;6;4.7
SUP-0103;2023;7;4.65
SUP-0103;2023;8;4.69
SUP-0103;2023;9;4.61
SUP-0103;2023;10;4.84
SUP-0103;2023;11;4.74
SUP-0103;2023;12;4.78
SUP-0103;2024;1;4.64
SUP-0103;2024;2;4.72
SUP-0103;2024;3;4.88
SUP-0103;2024;4;4.84
SUP-0103;2024;5;4.7
SUP-0103;2024;6;4.94
SUP-0103;2024;7;4.84
SUP-0103;2024;8;5.01
SUP-0103;2024;9;4.92
SUP-0103;2024;10;4.96
SUP-0103;2024;11;5.06
SUP-0103;2024;12;4.93
SUP-0104;2023;1;15.92
SUP-0104;2023;2;16.18
SUP-0104;2023;3;16.51
SUP-0104;2023;4;16.05
SUP-0104;2023;5;16.04
SUP-0104;2023;6;16.73
SUP-0104;2023;7;16.45
SUP-0104;2023;8;16.58
SUP-0104;2023;9;16.28
SUP-0104;2023;10;16.65
SUP-0104;2023;11;16.9
SUP-0104;2023;12;17.21
SUP-0104;2024;1;16.86
SUP-0104;2024;2;17.56
SUP-0104;2024;3;17.03
SUP-0104;2024;4;17.11
SUP-0104;2024;5;17.76
SUP-0104;2024;6;17.5
SUP-0104;2024;7;17.37
SUP-0104;2024;8;17.56
SUP-0104;2024;9;18.04
SUP-0104;2024;10;18.15
SUP-0104;2024;11;17.62
SUP-0104;2024;12;17.91
SUP-0105;2023;1;8.08
SUP-0105;2023;2;7.98
SUP-0105;2023;3;8.13
SUP-0105;2023;4;8.18
SUP-0105;2023;5;8.35
SUP-0105;2023;6;8.4
SUP-0105;2023;8;8.3
SUP-0105;2023;9;8.45
SUP-0105;2023;10;8.33
SUP-0105;2023;11;8.51
SUP-0105;2023;12;8.46
SUP-0105;2024;1;8.39
SUP-0105;2024;2;8.43
SUP-0105;2024;3;8.78
SUP-0105;2024;4;8.61
SUP-0105;2024;5;8.88
SUP-0105;2024;6;8.64
SUP-0105;2024;7;8.78
SUP-0105;2024;8;9.1
SUP-0105;2024;9;8.69
SUP-0105;2024;10;8.61
SUP-0105;2024;11;9.08
SUP-0105;2024;12;8.83
SUP-0106;2023;1;20.2
SUP-0106;2023;2;20.12
SUP-0106;2023;3;20.47
SUP-0106;2023;4;20.19
SUP-0106;2023;5;20.52
SUP-0106;2023;6;20.81
SUP-0106;2023;7;20.45
SUP-0106;2023;8;20.64
SUP-0106;2023;9;20.84
SUP-0106;2023;10;20.59
SUP-0106;2023;11;21.0
SUP-0106;2023;12;21.27
SUP-0106;2024;1;21.2
SUP-0106;2024;2;21.34
SUP-0106;2024;3;21.51
SUP-0106;2024;4;21.4
SUP-0106;2024;5;21.94
SUP-0106;2024;6;22.28
SUP-0106;2024;7;21.76
SUP-0106;2024;8;22.17
SUP-0106;2024;9;22.03
SUP-0106;2024;10;22.33
SUP-0106;2024;11;22.83
SUP-0106;2024;12;22.58
SUP-0107;2023;1;27.56
SUP-0107;2023;2;28.63
SUP-0107;2023;3;29.09
SUP-0107;2023;4;28.6
SUP-0107;2023;5;29.25
SUP-0107;2023;6;28.65
SUP-0107;2023;7;28.43
SUP-0107;2023;8;29.28
SUP-0107;2023;9;28.57
SUP-0107;2023;10;29.37
SUP-0107;2023;11;30.18
SUP-0107;2023;12;28.89
SUP-0107;2024;1;29.3
SUP-0107;2024;2;29.55
SUP-0107;2024;3;30.12
SUP-0107;2024;4;30.12
SUP-0107;2024;5;31.06
SUP-0107;2024;6;30.99
SUP-0107;2024;7;30.92
SUP-0107;2024;8;30.9
SUP-0107;2024;9;31.15
SUP-0107;2024;10;30.71
SUP-0107;2024;11;31.65
SUP-0107;2024;12;30.87
SUP-0108;2023;1;12.26
SUP-0108;2023;2;12.38
SUP-0108;2023;3;12.26
SUP-0108;2023;4;12.24
SUP-0108;2023;5;12.4
SUP-0108;2023;6;11.85
SUP-0108;2023;7;12.5
SUP-0108;2023;8;12.47
SUP-0108;2023;9;12.54
SUP-0108;2023;10;12.74
SUP-0108;2023;11;12.65
SUP-0108;2023;12;12.5
SUP-0108;2024;1;12.75
SUP-0108;2024;2;12.85
SUP-0108;2024;3;12.92
SUP-0108;2024;4;12.98
SUP-0108;2024;5;13.21
SUP-0108;2024;6;12.86
SUP-0108;2024;7;13.16
SUP-0108;2024;8;13.44
SUP-0108;2024;9;12.9
SUP-0108;2024;10;13.34
SUP-0108;2024;11;13.25
SUP-0108;2024;12;13.35
SUP-0109;2023;1;9.95
SUP-0109;2023;2;10.1
SUP-0109;2023;3;10.46
SUP-0109;2023;4;10.03
SUP-0109;2023;5;10.09
SUP-0109;2023;6;10.11
SUP-0109;2023;8;10.33
SUP-0109;2023;9;10.45
SUP-0109;2023;10;10.44
SUP-0109;2023;11;10.4
SUP-0109;2023;12;10.56
SUP-0109;2024;1;11.04
SUP-0109;2024;2;10.91
SUP-0109;2024;3;10.6
SUP-0109;2024;4;10.89
SUP-0109;2024;5;10.7
SUP-0109;2024;6;10.59
SUP-0109;2024;7;11.1
SUP-0109;2024;8;11.17
SUP-0109;2024;9;11.21
SUP-0109;2024;10;11.0
SUP-0109;2024;11;11.1
SUP-0109;2024;12;11.31
SUP-0110;2023;1;16.25
SUP-0110;2023;2;16.14
SUP-0110;2023;3;15.91
SUP-0110;2023;4;16.41
SUP-0110;2023;5;16.72
SUP-0110;2023;6;16.23
SUP-0110;2023;7;16.76
SUP-0110;2023;8;16.76
SUP-0110;2023;9;16.94
SUP-0110;2023;10;17.05
SUP-0110;2023;11;16.73
SUP-0110;2023;12;16.57
SUP-0110;2024;1;16.92
SUP-0110;2024;2;17.36
SUP-0110;2024;3;17.07
SUP-0110;2024;4;17.11
SUP-0110;2024;5;16.89
SUP-0110;2024;7;17.74
SUP-0110;2024;8;17.8
SUP-0110;2024;9;17.93
SUP-0110;2024;10;17.91
SUP-0110;2024;11;17.77
SUP-0110;2024;12;17.87
SUP-0111;2023;1;83.11
SUP-0111;2023;2;87.34
SUP-0111;2023;3;85.1
SUP-0111;2023;4;84.19
SUP-0111;2023;5;85.75
SUP-0111;2023;6;84.25
SUP-0111;2023;7;87.87
SUP-0111;2023;8;85.46
SUP-0111;2023;9;87.35
SUP-0111;2023;10;88.49
SUP-0111;2023;11;87.99
SUP-0111;2023;12;88.0
SUP-0111;2024;1;88.29
SUP-0111;2024;2;88.6
SUP-0111;2024;3;105.96
SUP-0111;2024;4;106.64
SUP-0111;2024;5;110.24
SUP-0111;2024;6;108.16
SUP-0111;2024;7;107.54
SUP-0111;2024;8;108.46
SUP-0111;2024;9;111.62
SUP-0111;2024;10;111.42
SUP-0111;2024;11;111.73
SUP-0111;2024;12;110.86
SUP-0112;2023;1;123.76
SUP-0112;2023;2;122.07
SUP-0112;2023;3;123.33
SUP-0112;2023;4;126.18
SUP-0112;2023;5;126.57
SUP-0112;2023;6;123.64
SUP-0112;2023;7;124.44
SUP-0112;2023;8;126.83
SUP-0112;2023;9;130.49
SUP-0112;2023;10;124.09
SUP-0112;2023;11;128.87
SUP-0112;2023;12;126.26
SUP-0112;2024;1;128.26
SUP-0112;2024;2;129.37
SUP-0112;2024;3;155.81
SUP-0112;2024;4;156.24
SUP-0112;2024;5;158.23
SUP-0112;2024;6;157.65
SUP-0112;2024;7;156.14
SUP-0112;2024;8;162.23
SUP-0112;2024;9;162.9
SUP-0112;2024;10;163.85
SUP-0112;2024;11;158.78
SUP-0112;2024;12;164.0
SUP-0113;2023;1;56.31
SUP-0113;2023;2;55.13
SUP-0113;2023;3;56.25
SUP-0113;2023;4;56.4
SUP-0113;2023;5;58.32
SUP-0113;2023;6;58.66
SUP-0113;2023;7;55.84
SUP-0113;2023;8;59.68
SUP-0113;2023;9;56.99
SUP-0113;2023;10;58.9
SUP-0113;2023;11;59.15
SUP-0113;2023;12;57.69
SUP-0113;2024;1;59.27
SUP-0113;2024;2;59.0
SUP-0113;2024;3;71.83
SUP-0113;2024;4;71.8
SUP-0113;2024;5;73.17
SUP-0113;2024;6;72.28
SUP-0113;2024;7;72.34
SUP-0113;2024;9;73.81
SUP-0113;2024;10;74.31
SUP-0113;2024;11;73.1
SUP-0113;2024;12;73.01
SUP-0114;2023;1;31.19
SUP-0114;2023;2;31.3
SUP-0114;2023;3;32.11
SUP-0114;2023;4;32.35
SUP-0114;2023;5;31.95
SUP-0114;2023;6;32.86
SUP-0114;2023;7;32.98
SUP-0114;2023;8;32.58
SUP-0114;2023;9;32.2
SUP-0114;2023;10;33.53
SUP-0114;2023;11;32.87
SUP-0114;2023;12;33.11
SUP-0114;2024;1;33.03
SUP-0114;2024;2;32.9
SUP-0114;2024;3;39.31
SUP-0114;2024;4;40.76
SUP-0114;2024;5;40.08
SUP-0114;2024;6;42.61
SUP-0114;2024;7;40.26
SUP-0114;2024;8;40.33
SUP-0114;2024;9;41.61
SUP-0114;2024;10;42.43
SUP-0114;2024;11;41.71
SUP-0114;2024;12;42.21
SUP-0115;2023;1;32.5
SUP-0115;2023;2;33.23
SUP-0115;2023;3;33.18
SUP-0115;2023;4;32.91
SUP-0115;2023;5;34.09
SUP-0115;2023;6;33.03
SUP-0115;2023;7;33.66
SUP-0115;2023;8;34.21
SUP-0115;2023;9;34.21
SUP-0115;2023;10;35.01
SUP-0115;2023;11;35.12
SUP-0115;2023;12;35.59
SUP-0115;2024;1;35.67
SUP-0115;2024;3;42.71
SUP-0115;2024;4;43.1
SUP-0115;2024;5;43.43
SUP-0115;2024;6;43.38
SUP-0115;2024;7;43.23
SUP-0115;2024;8;43.46
SUP-0115;2024;9;43.34
SUP-0115;2024;10;44.35
SUP-0115;2024;11;44.21
SUP-0115;2024;12;44.03
SUP-0116;2023;1;44.14
SUP-0116;2023;2;43.97
SUP-0116;2023;3;45.65
SUP-0116;2023;4;45.24
SUP-0116;2023;5;44.8
SUP-0116;2023;6;46.15
SUP-0116;2023;7;45.42
SUP-0116;2023;8;45.04
SUP-0116;2023;9;46.92
SUP-0116;2023;10;46.05
SUP-0116;2023;11;46.35
SUP-0116;2023;12;46.87
SUP-0116;2024;1;47.86
SUP-0116;2024;2;47.28
SUP-0116;2024;3;55.95
SUP-0116;2024;4;57.7
SUP-0116;2024;5;57.07
SUP-0116;2024;6;59.38
SUP-0116;2024;7;58.0
SUP-0116;2024;8;56.31
SUP-0116;2024;9;58.84
SUP-0116;2024;10;60.51
SUP-0116;2024;11;60.45
SUP-0116;2024;12;60.95
SUP-0117;2023;1;9.93
SUP-0117;2023;2;10.27
SUP-0117;2023;3;10.07
SUP-0117;2023;4;10.26
SUP-0117;2023;5;10.07
SUP-0117;2023;6;10.21
SUP-0117;2023;7;10.25
SUP-0117;2023;8;10.55
SUP-0117;2023;9;10.58
SUP-0117;2023;10;10.54
SUP-0117;2023;11;10.33
SUP-0117;2023;12;10.55
SUP-0117;2024;1;10.52
SUP-0117;2024;2;10.83
SUP-0117;2024;3;10.93
SUP-0117;2024;4;10.96
SUP-0117;2024;5;10.71
SUP-0117;2024;6;10.44
SUP-0117;2024;7;10.64
SUP-0117;2024;8;11.22
SUP-0117;2024;9;10.97
SUP-0117;2024;10;10.96
SUP-0117;2024;11;11.41
SUP-0117;2024;12;11.39
SUP-0118;2023;1;28.32
SUP-0118;2023;2;28.31
SUP-0118;2023;3;28.51
SUP-0118;2023;4;28.79
SUP-0118;2023;5;29.51
SUP-0118;2023;6;29.14
SUP-0118;2023;7;29.4
SUP-0118;2023;8;29.73
SUP-0118;2023;9;28.83
SUP-0118;2023;10;29.81
SUP-0118;2023;11;29.48
SUP-0118;2023;12;28.62
SUP-0118;2024;1;28.92
SUP-0118;2024;2;29.55
SUP-0118;2024;3;30.39
SUP-0118;2024;4;30.33
SUP-0118;2024;5;30.5
SUP-0118;2024;6;31.45
SUP-0118;2024;7;30.11
SUP-0118;2024;8;30.82
SUP-0118;2024;9;31.11
SUP-0118;2024;10;30.77
SUP-0118;2024;11;31.26
SUP-0118;2024;12;30.64
SUP-0119;2023;1;16.5
SUP-0119;2023;2;16.07
SUP-0119;2023;3;16.8
SUP-0119;2023;4;16.37
SUP-0119;2023;5;16.71
SUP-0119;2023;6;16.51
SUP-0119;2023;8;16.53
SUP-0119;2023;9;16.78
SUP-0119;2023;10;16.91
SUP-0119;2023;11;16.7
SUP-0119;2023;12;16.95
SUP-0119;2024;1;16.9
SUP-0119;2024;2;17.72
SUP-0119;2024;3;17.18
SUP-0119;2024;4;17.69
SUP-0119;2024;5;17.31
SUP-0119;2024;6;17.51
SUP-0119;2024;7;17.17
SUP-0119;2024;8;17.48
SUP-0119;2024;9;17.73
SUP-0119;2024;10;18.18
SUP-0119;2024;11;17.9
SUP-0119;2024;12;18.29
SUP-0120;2023;1;18.36
SUP-0120;2023;2;18.71
SUP-0120;2023;3;18.33
SUP-0120;2023;4;19.09
SUP-0120;2023;5;18.38
SUP-0120;2023;6;18.38
SUP-0120;2023;7;18.34
SUP-0120;2023;8;19.42
SUP-0120;2023;9;19.08
SUP-0120;2023;10;18.84
SUP-0120;2023;11;19.38
SUP-0120;2023;12;19.3
SUP-0120;2024;1;19.76
SUP-0120;2024;2;18.83
SUP-0120;2024;3;19.29
SUP-0120;2024;4;19.32
SUP-0120;2024;5;18.96
SUP-0120;2024;6;19.94
SUP-0120;2024;7;19.64
SUP-0120;2024;8;20.02
SUP-0120;2024;9;20.6
SUP-0120;2024;10;19.88
SUP-0120;2024;11;19.95
BEM-0121;2023;1;3.62
BEM-0121;2023;2;3.55
BEM-0121;2023;3;3.56
BEM-0121;2023;4;3.67
BEM-0121;2023;5;3.65
BEM-0121;2023;7;3.59
BEM-0121;2023;8;3.76
BEM-0121;2023;9;3.72
BEM-0121;2023;10;3.67
BEM-0121;2023;11;3.72
BEM-0121;2023;12;3.75
BEM-0121;2024;1;3.8
BEM-0121;2024;2;3.7
BEM-0121;2024;3;3.75
BEM-0121;2024;4;3.83
BEM-0121;2024;5;3.82
BEM-0121;2024;6;3.88
BEM-0121;2024;7;3.79
BEM-0121;2024;8;3.9
BEM-0121;2024;9;3.96
BEM-0121;2024;10;3.94
BEM-0121;2024;11;3.94
BEM-0121;2024;12;3.95
BEM-0122;2023;1;3.51
BEM-0122;2023;2;3.57
BEM-0122;2023;3;3.65
BEM-0122;2023;4;3.6
BEM-0122;2023;5;3.57
BEM-0122;2023;6;3.61
BEM-0122;2023;7;3.66
BEM-0122;2023;8;3.65
BEM-0122;2023;9;3.71
BEM-0122;2023;10;3.73
BEM-0122;2023;11;3.77
BEM-0122;2023;12;3.81
BEM-0122;2024;1;3.81
BEM-0122;2024;2;3.72
BEM-0122;2024;3;3.73
BEM-0122;2024;4;3.8
BEM-0122;2024;5;3.79
BEM-0122;2024;6;3.77
BEM-0122;2024;7;3.83
BEM-0122;2024;8;3.84
BEM-0122;2024;9;3.85
BEM-0122;2024;10;3.89
BEM-0122;2024;11;3.99
BEM-0122;2024;12;3.95
BEM-0123;2023;1;4.82
BEM-0123;2023;2;4.68
BEM-0123;2023;3;4.67
BEM-0123;2023;4;4.71
BEM-0123;2023;5;4.75
BEM-0123;2023;6;4.78
BEM-0123;2023;7;4.92
BEM-0123;2023;8;4.73
BEM-0123;2023;9;4.88
BEM-0123;2023;10;4.85
BEM-0123;2023;11;4.74
BEM-0123;2023;12;4.94
BEM-0123;2024;1;4.99
BEM-0123;2024;2;4.86
BEM-0123;2024;3;4.94
BEM-0123;2024;4;4.84
BEM-0123;2024;5;4.9
BEM-0123;2024;6;5.09
BEM-0123;2024;7;5.0
BEM-0123;2024;8;4.97
BEM-0123;2024;9;5.1
BEM-0123;2024;10;5.06
BEM-0123;2024;11;5.09
BEM-0123;2024;12;5.21
BEM-0124;2023;1;3.05
BEM-0124;2023;2;3.08
BEM-0124;2023;3;3.14
BEM-0124;2023;4;3.19
BEM-0124;2023;5;3.22
BEM-0124;2023;6;3.14
BEM-0124;2023;7;3.23
BEM-0124;2023;8;3.17
BEM-0124;2023;9;3.31
BEM-0124;2023;10;3.18
BEM-0124;2023;11;3.31
BEM-0124;2023;12;3.23
BEM-0124;2024;1;3.38
BEM-0124;2024;2;3.32
BEM-0124;2024;3;3.26
BEM-0124;2024;4;3.3
BEM-0124;2024;5;3.38
BEM-0124;2024;6;3.4
BEM-0124;2024;7;3.36
BEM-0124;2024;8;3.38
BEM-0124;2024;10;3.42
BEM-0124;2024;11;3.36
BEM-0124;2024;12;3.4
BEM-0125;2023;1;4.02
BEM-0125;2023;2;4.1
BEM-0125;2023;3;4.14
BEM-0125;2023;4;4.11
BEM-0125;2023;5;4.1
BEM-0125;2023;6;4.14
BEM-0125;2023;7;4.07
BEM-0125;2023;8;4.12
BEM-0125;2023;9;4.1
BEM-0125;2023;10;4.09
BEM-0125;2023;11;4.21
BEM-0125;2023;12;4.22
BEM-0125;2024;2;4.28
BEM-0125;2024;3;4.28
BEM-0125;2024;4;4.32
BEM-0125;2024;5;4.3
BEM-0125;2024;6;4.35
BEM-0125;2024;7;4.29
BEM-0125;2024;8;4.39
BEM-0125;2024;9;4.43
BEM-0125;2024;10;4.36
BEM-0125;2024;11;4.42
BEM-0125;2024;12;4.4
BEM-0126;2023;1;13.35
BEM-0126;2023;2;13.29
BEM-0126;2023;3;13.83
BEM-0126;2023;4;13.86
BEM-0126;2023;5;13.81
BEM-0126;2023;6;14.17
BEM-0126;2023;7;13.78
BEM-0126;2023;8;14.52
BEM-0126;2023;9;13.9
BEM-0126;2023;10;14.06
BEM-0126;2023;11;13.99
BEM-0126;2023;12;14.22
BEM-0126;2024;1;14.38
BEM-0126;2024;2;14.24
BEM-0126;2024;3;14.71
BEM-0126;2024;4;14.44
BEM-0126;2024;5;14.52
BEM-0126;2024;6;14.32
BEM-0126;2024;8;14.62
BEM-0126;2024;9;14.58
BEM-0126;2024;10;14.61
BEM-0126;2024;11;15.45
BEM-0126;2024;12;14.86
BEM-0127;2023;1;98.19
BEM-0127;2023;2;99.78
BEM-0127;2023;3;101.21
BEM-0127;2023;4;102.58
BEM-0127;2023;5;103.05
BEM-0127;2023;6;103.71
BEM-0127;2023;7;102.13
BEM-0127;2023;8;104.12
BEM-0127;2023;9;102.69
BEM-0127;2023;10;103.55
BEM-0127;2023;11;103.55
BEM-0127;2023;12;103.59
BEM-0127;2024;1;107.63
BEM-0127;2024;2;107.52
BEM-0127;2024;3;108.46
BEM-0127;2024;4;107.44
BEM-0127;2024;5;109.12
BEM-0127;2024;6;105.48
BEM-0127;2024;7;110.24
BEM-0127;2024;8;109.61
BEM-0127;2024;9;110.85
BEM-0127;2024;10;110.94
BEM-0127;2024;11;109.17
BEM-0127;2024;12;108.8
BEM-0128;2023;1;55.15
BEM-0128;2023;2;56.47
BEM-0128;2023;3;56.83
BEM-0128;2023;4;55.34
BEM-0128;2023;5;55.92
BEM-0128;2023;6;56.39
BEM-0128;2023;7;56.96
BEM-0128;2023;8;56.35
BEM-0128;2023;9;56.55
BEM-0128;2023;10;57.33
BEM-0128;2023;11;58.38
BEM-0128;2023;12;57.53
BEM-0128;2024;1;58.73
BEM-0128;2024;2;60.03
BEM-0128;2024;3;58.2
BEM-0128;2024;4;59.44
BEM-0128;2024;5;60.82
BEM-0128;2024;6;59.79
BEM-0128;2024;7;59.92
BEM-0128;2024;8;61.77
BEM-0128;2024;9;60.7
BEM-0128;2024;10;62.27
BEM-0128;2024;11;61.93
BEM-0128;2024;12;61.49
BEM-0129;2023;1;106.73
BEM-0129;2023;2;106.95
BEM-0129;2023;3;108.56
BEM-0129;2023;4;106.52
BEM-0129;2023;5;107.95
BEM-0129;2023;6;108.27
BEM-0129;2023;7;110.01
BEM-0129;2023;8;107.67
BEM-0129;2023;9;111.52
BEM-0129;2023;10;111.11
BEM-0129;2023;11;108.64
BEM-0129;2023;12;113.35
BEM-0129;2024;1;115.58
BEM-0129;2024;2;114.02
BEM-0129;2024;3;115.25
BEM-0129;2024;4;113.49
BEM-0129;2024;5;111.02
BEM-0129;2024;6;111.21
BEM-0129;2024;7;115.32
BEM-0129;2024;8;114.38
BEM-0129;2024;9;114.33
BEM-0129;2024;10;116.33
BEM-0129;2024;11;118.05
BEM-0129;2024;12;114.93
BEM-0130;2023;1;66.45
BEM-0130;2023;2;68.73
BEM-0130;2023;4;68.7
BEM-0130;2023;5;67.62
BEM-0130;2023;6;68.98
BEM-0130;2023;7;69.86
BEM-0130;2023;8;69.81
BEM-0130;2023;9;70.3
BEM-0130;2023;10;68.46
BEM-0130;2023;11;71.15
BEM-0130;2023;12;69.39
BEM-0130;2024;1;70.88
BEM-0130;2024;2;71.2
BEM-0130;2024;3;71.76
BEM-0130;2024;4;71.93
BEM-0130;2024;5;70.98
BEM-0130;2024;6;70.75
BEM-0130;2024;7;73.48
BEM-0130;2024;8;73.07
BEM-0130;2024;9;74.45
BEM-0130;2024;10;73.47
BEM-0130;2024;11;72.29
BEM-0130;2024;12;75.26
BEM-0131;2023;1;26.81
BEM-0131;2023;2;27.22
BEM-0131;2023;3;26.93
BEM-0131;2023;4;27.99
BEM-0131;2023;5;27.08
BEM-0131;2023;6;27.43
BEM-0131;2023;7;27.74
BEM-0131;2023;8;27.36
BEM-0131;2023;9;28.08
BEM-0131;2023;10;28.75
BEM-0131;2023;11;27.99
BEM-0131;2023;12;28.49
BEM-0131;2024;1;27.27
BEM-0131;2024;2;28.56
BEM-0131;2024;3;28.57
BEM-0131;2024;4;28.48
BEM-0131;2024;5;29.43
BEM-0131;2024;6;28.95
BEM-0131;2024;7;29.15
BEM-0131;2024;8;29.19
BEM-0131;2024;9;28.64
BEM-0131;2024;10;29.12
BEM-0131;2024;11;30.18
BEM-0131;2024;12;28.94
BEM-0132;2023;1;17.75
BEM-0132;2023;2;17.93
BEM-0132;2023;3;18.59
BEM-0132;2023;4;18.41
BEM-0132;2023;5;18.13
BEM-0132;2023;6;18.72
BEM-0132;2023;7;18.24
BEM-0132;2023;8;18.81
BEM-0132;2023;9;18.23
BEM-0132;2023;10;19.0
BEM-0132;2023;11;18.67
BEM-0132;2023;12;18.57
BEM-0132;2024;1;18.89
BEM-0132;2024;2;19.11
BEM-0132;2024;3;18.98
BEM-0132;2024;4;19.37
BEM-0132;2024;5;19.12
BEM-0132;2024;6;19.56
BEM-0132;2024;7;19.6
BEM-0132;2024;8;19.54
BEM-0132;2024;9;19.51
BEM-0132;2024;10;19.78
BEM-0132;2024;11;19.98
BEM-0132;2024;12;20.52
BEM-0133;2023;1;13.64
BEM-0133;2023;2;13.71
BEM-0133;2023;3;14.21
BEM-0133;2023;4;13.74
BEM-0133;2023;5;13.8
BEM-0133;2023;6;13.91
BEM-0133;2023;7;13.61
BEM-0133;2023;8;13.79
BEM-0133;2023;9;13.84
BEM-0133;2023;10;14.15
BEM-0133;2023;11;14.04
BEM-0133;2023;12;14.17
BEM-0133;2024;1;14.43
BEM-0133;2024;2;14.45
BEM-0133;2024;3;14.29
BEM-0133;2024;4;14.25
BEM-0133;2024;5;14.7
BEM-0133;2024;6;14.69
BEM-0133;2024;7;14.24
BEM-0133;2024;8;14.58
BEM-0133;2024;9;14.76
BEM-0133;2024;10;14.96
BEM-0133;2024;12;14.98
BEM-0134;2023;1;40.81
BEM-0134;2023;2;40.68
BEM-0134;2023;3;40.41
BEM-0134;2023;4;40.84
BEM-0134;2023;5;41.2
BEM-0134;2023;6;41.35
BEM-0134;2023;7;40.38
BEM-0134;2023;8;41.5
BEM-0134;2023;9;41.97
BEM-0134;2023;10;41.95
BEM-0134;2023;11;42.16
BEM-0134;2023;12;42.81
BEM-0134;2024;1;42.0
BEM-0134;2024;2;41.84
BEM-0134;2024;3;42.85
BEM-0134;2024;4;43.77
BEM-0134;2024;5;44.57
BEM-0134;2024;6;44.18
BEM-0134;2024;7;42.89
BEM-0134;2024;8;43.9
BEM-0134;2024;9;44.43
BEM-0134;2024;10;44.57
BEM-0134;2024;11;45.02
BEM-0134;2024;12;44.24
