cod_vendedor;ano;mes;meta_receita_liquida
1;2023;1;7170.0
1;2023;2;7230.0
1;2023;3;7290.0
1;2023;4;6860.0
1;2023;5;6870.0
1;2023;6;6730.0
1;2023;7;7080.0
1;2023;8;6530.0
1;2023;9;6790.0
1;2023;10;6790.0
1;2023;11;6650.0
1;2023;12;6820.0
1;2024;1;7500.0
1;2024;2;7450.0
1;2024;3;7090.0
1;2024;4;7410.0
1;2024;5;7740.0
1;2024;6;7510.0
1;2024;7;7380.0
1;2024;8;7180.0
1;2024;9;7730.0
1;2024;10;7680.0
1;2024;11;7510.0
1;2024;12;7620.0
2;2023;1;6900.0
2;2023;2;7030.0
2;2023;3;6860.0
2;2023;4;7120.0
2;2023;5;6960.0
2;2023;6;7210.0
2;2023;7;7030.0
2;2023;8;7080.0
2;2023;9;6870.0
2;2023;10;7030.0
2;2023;11;6640.0
2;2023;12;6840.0
2;2024;1;7610.0
2;2024;2;7480.0
2;2024;3;7430.0
2;2024;4;7260.0
2;2024;5;7010.0
2;2024;6;7840.0
2;2024;7;7680.0
2;2024;8;7630.0
2;2024;9;7500.0
2;2024;10;7430.0
2;2024;11;7370.0
2;2024;12;7440.0
3;2023;1;6730.0
3;2023;2;6750.0
3;2023;3;7190.0
3;2023;4;7210.0
3;2023;5;7070.0
3;2023;6;7090.0
3;2023;7;6720.0
3;2023;8;6530.0
3;2023;9;7070.0
3;2023;10;6990.0
3;2023;11;6910.0
3;2023;12;6600.0
3;2024;1;7420.0
3;2024;2;7890.0
3;2024;3;7440.0
3;2024;4;7750.0
3;2024;5;7630.0
3;2024;6;7480.0
3;2024;7;7490.0
3;2024;8;7700.0
3;2024;9;7340.0
3;2024;10;7720.0
3;2024;11;7380.0
3;2024;12;7760.0
4;2023;1;8610.0
4;2023;2;8630.0
4;2023;3;8800.0
4;2023;4;8730.0
4;2023;5;8650.0
4;2023;6;8760.0
4;2023;7;8750.0
4;2023;8;8810.0
4;2023;9;8560.0
4;2023;10;9210.0
4;2023;11;8870.0
4;2023;12;8660.0
4;2024;1;9750.0
4;2024;2;9420.0
4;2024;3;9690.0
4;2024;4;9200.0
4;2024;5;9390.0
4;2024;6;9310.0
4;2024;7;9680.0
4;2024;8;9670.0
4;2024;9;9720.0
4;2024;10;9740.0
4;2024;11;9180.0
4;2024;12;9580.0
5;2023;1;8660.0
5;2023;2;8770.0
5;2023;3;8320.0
5;2023;4;9120.0
5;2023;5;8740.0
5;2023;6;8970.0
5;2023;7;8820.0
5;2023;8;8910.0
5;2023;9;8620.0
5;2023;10;8810.0
5;2023;11;8720.0
5;2023;12;8740.0
5;2024;1;9860.0
5;2024;2;9670.0
5;2024;3;9380.0
5;2024;4;9250.0
5;2024;5;9770.0
5;2024;6;9610.0
5;2024;7;9350.0
5;2024;8;9210.0
5;2024;9;9600.0
5;2024;10;9860.0
5;2024;11;9470.0
5;2024;12;9360.0
6;2023;1;8640.0
6;2023;2;8380.0
6;2023;3;8660.0
6;2023;4;9290.0
6;2023;5;8530.0
6;2023;6;8660.0
6;2023;7;8330.0
6;2023;8;8960.0
6;2023;9;9020.0
6;2023;10;8850.0
6;2023;11;8720.0
6;2023;12;8790.0
6;2024;1;9130.0
6;2024;2;9410.0
6;2024;3;9650.0
6;2024;4;9460.0
6;2024;5;9360.0
6;2024;6;9500.0
6;2024;7;9380.0
6;2024;8;9970.0
6;2024;9;9550.0
6;2024;10;9480.0
6;2024;11;9790.0
6;2024;12;9300.0
7;2023;1;8810.0
7;2023;2;8500.0
7;2023;3;8810.0
7;2023;4;9050.0
7;2023;5;9080.0
7;2023;6;8950.0
7;2023;7;8580.0
7;2023;8;9080.0
7;2023;9;8770.0
7;2023;10;8830.0
7;2023;11;9110.0
7;2023;12;8650.0
7;2024;1;9650.0
7;2024;2;9820.0
7;2024;3;9710.0
7;2024;4;9560.0
7;2024;5;9700.0
7;2024;6;9700.0
7;2024;7;9730.0
7;2024;8;9990.0
7;2024;9;9720.0
7;2024;10;9740.0
7;2024;11;9850.0
7;2024;12;9800.0
8;2023;1;8630.0
8;2023;2;8780.0
8;2023;3;8650.0
8;2023;4;8760.0
8;2023;5;8750.0
8;2023;6;9040.0
8;2023;7;9170.0
8;2023;8;8640.0
8;2023;9;8900.0
8;2023;10;8960.0
8;2023;11;8620.0
8;2023;12;8840.0
8;2024;1;9510.0
8;2024;2;9580.0
8;2024;3;9570.0
8;2024;4;9740.0
8;2024;5;10240.0
8;2024;6;9560.0
8;2024;7;9860.0
8;2024;8;10080.0
8;2024;9;9340.0
8;2024;10;9030.0
8;2024;11;10030.0
8;2024;12;10040.0
9;2023;1;12420.0
9;2023;2;12840.0
9;2023;3;11900.0
9;2023;4;11860.0
9;2023;5;12260.0
9;2023;6;12740.0
9;2023;7;12580.0
9;2023;8;12660.0
9;2023;9;12410.0
9;2023;10;11590.0
9;2023;11;11790.0
9;2023;12;12440.0
9;2024;1;13490.0
9;2024;2;13660.0
9;2024;3;13020.0
9;2024;4;13690.0
9;2024;5;13000.0
10;2023;1;13080.0
10;2023;2;12080.0
10;2023;3;12540.0
10;2023;4;11790.0
10;2023;5;12290.0
10;2023;6;12300.0
10;2023;7;11910.0
10;2023;8;12410.0
10;2023;9;12760.0
10;2023;10;12390.0
10;2023;11;12850.0
10;2023;12;11720.0
10;2024;1;14020.0
10;2024;2;13110.0
10;2024;3;12890.0
10;2024;4;14130.0
10;2024;5;12970.0
10;2024;6;13530.0
10;2024;7;13510.0
10;2024;8;13140.0
10;2024;9;13670.0
10;2024;10;13970.0
10;2024;11;14160.0
10;2024;12;14060.0
11;2023;1;7080.0
11;2023;2;7690.0
11;2023;3;7670.0
11;2023;4;7660.0
11;2023;5;7560.0
11;2023;6;7380.0
11;2023;7;7300.0
11;2023;8;8010.0
11;2023;9;7340.0
11;2023;10;7520.0
11;2023;11;7200.0
11;2023;12;7490.0
11;2024;1;8040.0
11;2024;2;8000.0
11;2024;3;8300.0
11;2024;4;8410.0
11;2024;5;8180.0
11;2024;6;7970.0
11;2024;7;7870.0
11;2024;8;8000.0
11;2024;9;8150.0
11;2024;10;8020.0
11;2024;11;8370.0
11;2024;12;8190.0
12;2023;1;7320.0
12;2023;2;7520.0
12;2023;3;7400.0
12;2023;4;7700.0
12;2023;5;7640.0
12;2023;6;7360.0
12;2023;7;7550.0
12;2023;8;7680.0
12;2023;9;7380.0
12;2023;10;7320.0
12;2023;11;7440.0
12;2023;12;7490.0
12;2024;1;8120.0
12;2024;2;8260.0
12;2024;3;7880.0
12;2024;4;8050.0
12;2024;5;7730.0
12;2024;6;8020.0
12;2024;7;8190.0
12;2024;8;7760.0
12;2024;9;8030.0
12;2024;10;7930.0
12;2024;11;8460.0
12;2024;12;8050.0
13;2023;1;5890.0
13;2023;2;6160.0
13;2023;3;5850.0
13;2023;4;5850.0
13;2023;5;6130.0
13;2023;6;5900.0
13;2023;7;5800.0
13;2023;8;5810.0
13;2023;9;5570.0
13;2023;10;6130.0
13;2023;11;5900.0
13;2023;12;5820.0
13;2024;1;6370.0
13;2024;2;6120.0
13;2024;3;5960.0
13;2024;4;6440.0
13;2024;5;5920.0
13;2024;6;6400.0
13;2024;7;6150.0
13;2024;8;6200.0
13;2024;9;6400.0
13;2024;10;6260.0
13;2024;11;6510.0
13;2024;12;6400.0
14;2023;1;5860.0
14;2023;2;5420.0
14;2023;3;5800.0
14;2023;4;5950.0
14;2023;5;5960.0
14;2023;6;6080.0
14;2023;7;5820.0
14;2023;8;5980.0
14;2023;9;5640.0
14;2023;10;5880.0
14;2023;11;5530.0
14;2023;12;5970.0
14;2024;1;6630.0
14;2024;2;6320.0
14;2024;3;6330.0
14;2024;4;6500.0
14;2024;5;6340.0
14;2024;6;6360.0
14;2024;7;6310.0
14;2024;8;6340.0
14;2024;9;6440.0
14;2024;10;6540.0
14;2024;11;6450.0
14;2024;12;6390.0
15;2023;1;4920.0
15;2023;2;5260.0
15;2023;3;5270.0
15;2023;4;5220.0
15;2023;5;5080.0
15;2023;6;5060.0
15;2023;7;5320.0
15;2023;8;5200.0
15;2023;9;5160.0
15;2023;10;5060.0
16;2023;1;5070.0
16;2023;2;4930.0
16;2023;3;5420.0
16;2023;4;5490.0
16;2023;5;5300.0
16;2023;6;5100.0
16;2023;7;5300.0
16;2023;8;5230.0
16;2023;9;5120.0
16;2023;10;5110.0
16;2023;11;5180.0
16;2023;12;4700.0
16;2024;1;5380.0
16;2024;2;5800.0
16;2024;3;5660.0
16;2024;4;5430.0
16;2024;5;5620.0
16;2024;6;5770.0
16;2024;7;5430.0
16;2024;8;5540.0
16;2024;9;5540.0
16;2024;10;5600.0
16;2024;11;5710.0
16;2024;12;5670.0
17;2023;1;6930.0
17;2023;2;7250.0
17;2023;3;7280.0
17;2023;4;7330.0
17;2023;5;7140.0
17;2023;6;7290.0
17;2023;7;7020.0
17;2023;8;7130.0
17;2023;9;6830.0
17;2023;10;6900.0
17;2023;11;7200.0
17;2023;12;7250.0
17;2024;1;8150.0
17;2024;2;7470.0
17;2024;3;7840.0
17;2024;4;7810.0
17;2024;5;8020.0
17;2024;6;7760.0
17;2024;7;8000.0
17;2024;8;7710.0
17;2024;9;8010.0
17;2024;10;7620.0
17;2024;11;7630.0
17;2024;12;7980.0
18;2023;1;7550.0
18;2023;2;7140.0
18;2023;3;7090.0
18;2023;4;7180.0
18;2023;5;7400.0
18;2023;6;7150.0
18;2023;7;7130.0
18;2023;8;7080.0
18;2023;9;7380.0
18;2023;10;7320.0
18;2023;11;7280.0
18;2023;12;6730.0
18;2024;1;7590.0
18;2024;2;7910.0
18;2024;3;8020.0
18;2024;4;7380.0
18;2024;5;7240.0
18;2024;6;7460.0
18;2024;7;7720.0
18;2024;8;8090.0
18;2024;9;8060.0
18;2024;10;7580.0
18;2024;11;7790.0
18;2024;12;7640.0
19;2023;1;5110.0
19;2023;2;4720.0
19;2023;3;4770.0
19;2023;4;4760.0
19;2023;5;4890.0
19;2023;6;5160.0
19;2023;7;4970.0
19;2023;8;5030.0
19;2023;9;4860.0
19;2023;10;5140.0
19;2023;11;5050.0
19;2023;12;4770.0
19;2024;1;5530.0
19;2024;2;5170.0
19;2024;3;5450.0
19;2024;4;5480.0
19;2024;5;5280.0
20;2023;1;5200.0
20;2023;2;4980.0
20;2023;3;4610.0
20;2023;4;4870.0
20;2023;5;5060.0
20;2023;6;5040.0
20;2023;7;4790.0
21;2023;1;3530.0
21;2023;2;3370.0
21;2023;3;3500.0
21;2023;4;3420.0
21;2023;5;3460.0
21;2023;6;3320.0
21;2023;7;3290.0
21;2023;8;3580.0
21;2023;9;3370.0
21;2023;10;3270.0
21;2023;11;3370.0
21;2023;12;3430.0
21;2024;1;3680.0
21;2024;2;3860.0
21;2024;3;3710.0
21;2024;4;3540.0
21;2024;5;3840.0
21;2024;6;3820.0
21;2024;7;3960.0
21;2024;8;3770.0
21;2024;9;3710.0
21;2024;10;3750.0
21;2024;11;3890.0
21;2024;12;3510.0
22;2023;1;3460.0
22;2023;2;3620.0
22;2023;3;3510.0
22;2023;4;3460.0
22;2023;5;3460.0
22;2023;6;3280.0
22;2023;7;3440.0
22;2023;8;3520.0
22;2023;9;3540.0
22;2023;10;3500.0
22;2023;11;3380.0
22;2023;12;3400.0
22;2024;1;3800.0
22;2024;2;3670.0
22;2024;3;3760.0
22;2024;4;3630.0
22;2024;5;3640.0
22;2024;6;3760.0
23;2023;1;9240.0
23;2023;2;8960.0
23;2023;3;9250.0
23;2023;4;8890.0
23;2023;5;9530.0
23;2023;6;9080.0
23;2023;7;9150.0
23;2023;8;9460.0
23;2023;9;9360.0
23;2023;10;9500.0
23;2023;11;8970.0
23;2023;12;9280.0
23;2024;1;9830.0
23;2024;2;9650.0
23;2024;3;9400.0
23;2024;4;9430.0
23;2024;5;9950.0
23;2024;6;9780.0
23;2024;7;9470.0
23;2024;8;9830.0
23;2024;9;9610.0
23;2024;10;9690.0
23;2024;11;10270.0
23;2024;12;9940.0
24;2023;1;8980.0
24;2023;2;8650.0
24;2023;3;8760.0
24;2023;4;8690.0
24;2023;5;9170.0
24;2023;6;8860.0
24;2023;7;9080.0
24;2023;8;8700.0
24;2023;9;9030.0
24;2023;10;9270.0
24;2023;11;8800.0
24;2023;12;8950.0
24;2024;1;10070.0
24;2024;2;9370.0
24;2024;3;10270.0
24;2024;4;9960.0
24;2024;5;10110.0
24;2024;6;9830.0
24;2024;7;9910.0
24;2024;8;9980.0
24;2024;9;9580.0
24;2024;10;9850.0
24;2024;11;9780.0
24;2024;12;9620.0
25;2023;1;5270.0
25;2023;2;4850.0
25;2023;3;5290.0
25;2023;4;4960.0
25;2023;5;5240.0
25;2023;6;5110.0
25;2023;7;5210.0
25;2023;8;5100.0
25;2023;9;5190.0
25;2023;10;5040.0
25;2023;11;5110.0
25;2023;12;5050.0
25;2024;1;6040.0
25;2024;2;5670.0
25;2024;3;6100.0
25;2024;4;5550.0
25;2024;5;5600.0
25;2024;6;5950.0
25;2024;7;5550.0
25;2024;8;5710.0
25;2024;9;5710.0
25;2024;10;5810.0
25;2024;11;5600.0
25;2024;12;5660.0
26;2023;1;5090.0
26;2023;2;5210.0
26;2023;3;5090.0
26;2023;4;5110.0
26;2023;5;4950.0
26;2023;6;5140.0
26;2023;7;5080.0
26;2023;8;5270.0
26;2023;9;5230.0
26;2023;10;5280.0
26;2023;11;5060.0
26;2023;12;5190.0
26;2024;1;5590.0
26;2024;2;5800.0
26;2024;3;5750.0
26;2024;4;5860.0
26;2024;5;5860.0
26;2024;6;5660.0
26;2024;7;5510.0
26;2024;8;5720.0
26;2024;9;5630.0
26;2024;10;5660.0
26;2024;11;5850.0
26;2024;12;5760.0
27;2023;1;3200.0
27;2023;2;3180.0
27;2023;3;2990.0
27;2023;4;3220.0
27;2023;5;3120.0
27;2023;6;3200.0
27;2023;7;3160.0
27;2023;8;3050.0
27;2023;9;3020.0
27;2023;10;3120.0
27;2023;11;3060.0
27;2023;12;3180.0
27;2024;1;3340.0
27;2024;2;3350.0
27;2024;3;3430.0
27;2024;4;3310.0
27;2024;5;3310.0
27;2024;6;3420.0
27;2024;7;3250.0
27;2024;8;3240.0
27;2024;9;3290.0
27;2024;10;3310.0
27;2024;11;3430.0
27;2024;12;3390.0
28;2023;1;2970.0
28;2023;2;3320.0
28;2023;3;3060.0
28;2023;4;3020.0
28;2023;5;3090.0
28;2023;6;3010.0
28;2023;7;3120.0
28;2023;8;3290.0
28;2023;9;3230.0
28;2023;10;2920.0
28;2023;11;3110.0
28;2023;12;3000.0
28;2024;1;3490.0
28;2024;2;3350.0
28;2024;3;3420.0
28;2024;4;3360.0
28;2024;5;3300.0
28;2024;6;3430.0
28;2024;7;3460.0
28;2024;8;3340.0
28;2024;9;3420.0
28;2024;10;3360.0
28;2024;11;3410.0
28;2024;12;3470.0
29;2023;1;6660.0
29;2023;2;6390.0
29;2023;3;6580.0
29;2023;4;6690.0
29;2023;5;6670.0
29;2023;6;7450.0
29;2023;7;6620.0
29;2023;8;6600.0
29;2023;9;6550.0
29;2023;10;6700.0
29;2023;11;6580.0
29;2023;12;7020.0
29;2024;1;6910.0
29;2024;2;7230.0
29;2024;3;7400.0
29;2024;4;7200.0
29;2024;5;7010.0
29;2024;6;7240.0
29;2024;7;7720.0
29;2024;8;7240.0
29;2024;9;7000.0
29;2024;10;7300.0
29;2024;11;7020.0
29;2024;12;7410.0
30;2023;1;6910.0
30;2023;2;6290.0
30;2023;3;6750.0
30;2023;4;6580.0
30;2023;5;6830.0
30;2023;6;6880.0
30;2023;7;6960.0
30;2023;8;7030.0
30;2023;9;6470.0
30;2023;10;6620.0
30;2023;11;6740.0
30;2023;12;6610.0
30;2024;1;7360.0
30;2024;2;7220.0
30;2024;3;7530.0
30;2024;4;7500.0
30;2024;5;7290.0
30;2024;6;7430.0
31;2023;1;3380.0
31;2023;2;3240.0
31;2023;3;3050.0
31;2023;4;3320.0
31;2023;5;3350.0
31;2023;6;3080.0
31;2023;7;3290.0
31;2023;8;3300.0
31;2023;9;3210.0
31;2023;10;3160.0
31;2023;11;3180.0
31;2023;12;3080.0
31;2024;1;3390.0
31;2024;2;3250.0
31;2024;3;3710.0
31;2024;4;3470.0
31;2024;5;3480.0
31;2024;6;3370.0
31;2024;7;3500.0
31;2024;8;3430.0
31;2024;9;3660.0
31;2024;10;3520.0
31;2024;11;3530.0
31;2024;12;3690.0
32;2023;1;3270.0
32;2023;2;3200.0
32;2023;3;3090.0
32;2023;4;3310.0
32;2023;5;3330.0
32;2023;6;3210.0
32;2023;7;3190.0
32;2023;8;3130.0
32;2023;9;3240.0
32;2023;10;3170.0
32;2023;11;3200.0
32;2023;12;3160.0
32;2024;1;3470.0
32;2024;2;3430.0
32;2024;3;3430.0
32;2024;4;3450.0
32;2024;5;3510.0
32;2024;6;3330.0
32;2024;7;3610.0
32;2024;8;3460.0
32;2024;9;3630.0
32;2024;10;3470.0
32;2024;11;3480.0
32;2024;12;3550.0
33;2023;1;3120.0
33;2023;2;3070.0
33;2023;3;3070.0
33;2023;4;3270.0
33;2023;5;3030.0
33;2023;6;3080.0
33;2023;7;3210.0
33;2023;8;3120.0
33;2023;9;3130.0
33;2023;10;3090.0
33;2023;11;3070.0
33;2023;12;3030.0
33;2024;1;3170.0
33;2024;2;3150.0
33;2024;3;3280.0
33;2024;4;3320.0
33;2024;5;3260.0
33;2024;6;3240.0
33;2024;7;3430.0
33;2024;8;3210.0
33;2024;9;3210.0
33;2024;10;3370.0
33;2024;11;3260.0
33;2024;12;3390.0
34;2023;1;3020.0
34;2023;2;2980.0
34;2023;3;2960.0
34;2023;4;2960.0
34;2023;5;3160.0
34;2023;6;2990.0
34;2023;7;2810.0
34;2023;8;3050.0
34;2023;9;3040.0
34;2023;10;3150.0
34;2023;11;3190.0
34;2023;12;3030.0
34;2024;1;3250.0
34;2024;2;3370.0
34;2024;3;3410.0
34;2024;4;3470.0
34;2024;5;3330.0
34;2024;6;3360.0
34;2024;7;3290.0
34;2024;8;3310.0
34;2024;9;3250.0
34;2024;10;3260.0
34;2024;11;3340.0
34;2024;12;3210.0
35;2023;1;3110.0
35;2023;2;3050.0
35;2023;3;3120.0
35;2023;4;3200.0
35;2023;5;2980.0
35;2023;6;3190.0
35;2023;7;3110.0
35;2023;8;3020.0
35;2023;9;3140.0
35;2023;10;2920.0
35;2023;11;3060.0
35;2023;12;3100.0
35;2024;1;3280.0
35;2024;2;3400.0
35;2024;3;3510.0
35;2024;4;3390.0
35;2024;5;3330.0
35;2024;6;3400.0
35;2024;7;3330.0
35;2024;8;3560.0
35;2024;9;3320.0
35;2024;10;3320.0
35;2024;11;3370.0
35;2024;12;3350.0
36;2023;1;3110.0
36;2023;2;3040.0
36;2023;3;3180.0
36;2023;4;3050.0
36;2023;5;3050.0
36;2023;6;3030.0
36;2023;7;3140.0
36;2023;8;3210.0
36;2023;9;3100.0
36;2023;10;3140.0
36;2023;11;2970.0
36;2023;12;2930.0
36;2024;1;3280.0
36;2024;2;3330.0
36;2024;3;3370.0
36;2024;4;3420.0
36;2024;5;3440.0
36;2024;6;3380.0
36;2024;7;3340.0
36;2024;8;3320.0
36;2024;9;3160.0
36;2024;10;3260.0
36;2024;11;3250.0
36;2024;12;3370.0
37;2023;1;3570.0
37;2023;2;3750.0
37;2023;3;3880.0
37;2023;4;3690.0
37;2023;5;3700.0
37;2023;6;3870.0
37;2023;7;3600.0
37;2023;8;3480.0
37;2023;9;3770.0
37;2023;10;3710.0
37;2023;11;3850.0
37;2023;12;3710.0
37;2024;1;4150.0
37;2024;2;3930.0
37;2024;3;4260.0
37;2024;4;4030.0
37;2024;5;3910.0
37;2024;6;4100.0
37;2024;7;4120.0
37;2024;8;4040.0
37;2024;9;4090.0
37;2024;10;4090.0
37;2024;11;3830.0
37;2024;12;4080.0
38;2023;1;3670.0
38;2023;2;3860.0
38;2023;3;3690.0
38;2023;4;3700.0
38;2023;5;3860.0
38;2023;6;3560.0
38;2023;7;3630.0
38;2023;8;3710.0
38;2023;9;3710.0
38;2023;10;3630.0
38;2023;11;3750.0
38;2023;12;3730.0
38;2024;1;4090.0
38;2024;2;4120.0
38;2024;3;4110.0
38;2024;4;3950.0
38;2024;5;4010.0
38;2024;6;3780.0
38;2024;7;4000.0
38;2024;8;4060.0
38;2024;9;4010.0
38;2024;10;4210.0
38;2024;11;4120.0
38;2024;12;4020.0
39;2023;1;7190.0
39;2023;2;7310.0
39;2023;3;7470.0
39;2023;4;6580.0
39;2023;5;7160.0
39;2023;6;7180.0
39;2023;7;7040.0
39;2023;8;6930.0
39;2023;9;7440.0
39;2023;10;6860.0
39;2023;11;7190.0
39;2023;12;7330.0
39;2024;1;7740.0
39;2024;2;8230.0
39;2024;3;7900.0
39;2024;4;8220.0
39;2024;5;7720.0
39;2024;6;8130.0
39;2024;7;7520.0
39;2024;8;7430.0
39;2024;9;7740.0
39;2024;10;7620.0
39;2024;11;7790.0
39;2024;12;7780.0
40;2023;1;7570.0
40;2023;2;7290.0
40;2023;3;6790.0
40;2023;4;7230.0
40;2023;5;7060.0
40;2023;6;7360.0
40;2023;7;7170.0
40;2023;8;7280.0
40;2023;9;7660.0
40;2023;10;6900.0
40;2023;11;7200.0
40;2023;12;7170.0
40;2024;1;7690.0
40;2024;2;8230.0
40;2024;3;8060.0
40;2024;4;7720.0
40;2024;5;7680.0
40;2024;6;7730.0
40;2024;7;7570.0
40;2024;8;7710.0
40;2024;9;7850.0
40;2024;10;8080.0
40;2024;11;7810.0
40;2024;12;7570.0
41;2023;1;5060.0
41;2023;2;5070.0
41;2023;3;5450.0
41;2023;4;5130.0
41;2023;5;5260.0
41;2023;6;5650.0
41;2023;7;5230.0
41;2023;8;5210.0
41;2023;9;5210.0
41;2023;10;5270.0
41;2023;11;5070.0
41;2023;12;5100.0
41;2024;1;5740.0
41;2024;2;5520.0
41;2024;3;5850.0
41;2024;4;5950.0
41;2024;5;5660.0
41;2024;6;5870.0
41;2024;7;5720.0
41;2024;8;5890.0
41;2024;9;5590.0
41;2024;10;5860.0
41;2024;11;5790.0
41;2024;12;5930.0
42;2023;1;5340.0
42;2023;2;5400.0
42;2023;3;5340.0
42;2023;4;5060.0
42;2023;5;5330.0
42;2023;6;5320.0
42;2023;7;5010.0
42;2023;8;5430.0
42;2023;9;5210.0
42;2023;10;5090.0
42;2023;11;5500.0
42;2023;12;5340.0
42;2024;1;5830.0
42;2024;2;5550.0
42;2024;3;5630.0
42;2024;4;5750.0
42;2024;5;5760.0
42;2024;6;6000.0
42;2024;7;5930.0
42;2024;8;5720.0
42;2024;9;5940.0
42;2024;10;5770.0
42;2024;11;5710.0
42;2024;12;5740.0
43;2023;1;2560.0
43;2023;2;2520.0
43;2023;3;2520.0
43;2023;4;2490.0
43;2023;5;2640.0
43;2023;6;2670.0
43;2023;7;2650.0
43;2023;8;2460.0
43;2023;9;2630.0
43;2023;10;2620.0
43;2023;11;2680.0
43;2023;12;2650.0
43;2024;1;2980.0
43;2024;2;2820.0
43;2024;3;2850.0
43;2024;4;2810.0
43;2024;5;2900.0
43;2024;6;2960.0
43;2024;7;2900.0
43;2024;8;2930.0
43;2024;9;2790.0
43;2024;10;2870.0
43;2024;11;2820.0
43;2024;12;2830.0
44;2023;1;2490.0
44;2023;2;2610.0
44;2023;3;2540.0
44;2023;4;2560.0
44;2023;5;2670.0
44;2023;6;2720.0
44;2023;7;2560.0
44;2023;8;2680.0
44;2023;9;2560.0
44;2023;10;2500.0
44;2023;11;2670.0
44;2023;12;2690.0
44;2024;1;2810.0
44;2024;2;2870.0
44;2024;3;2840.0
44;2024;4;2890.0
44;2024;5;2680.0
44;2024;6;2770.0
44;2024;7;2690.0
44;2024;8;2840.0
44;2024;9;2840.0
44;2024;10;2900.0
44;2024;11;2680.0
44;2024;12;2810.0
45;2023;1;3090.0
45;2023;2;3150.0
45;2023;3;2890.0
45;2023;4;2910.0
45;2023;5;3260.0
45;2023;6;2970.0
45;2023;7;3110.0
45;2023;8;3060.0
45;2023;9;3000.0
45;2023;10;2860.0
45;2023;11;3010.0
45;2023;12;3070.0
45;2024;1;3160.0
45;2024;2;3500.0
45;2024;3;3320.0
45;2024;4;3110.0
45;2024;5;3320.0
45;2024;6;3350.0
45;2024;7;3130.0
45;2024;8;3280.0
45;2024;9;3360.0
45;2024;10;3340.0
45;2024;11;3380.0
45;2024;12;3350.0
46;2023;1;2940.0
46;2023;2;3080.0
46;2023;3;3170.0
46;2023;4;2990.0
46;2023;5;2980.0
46;2023;6;2980.0
46;2023;7;3050.0
46;2023;8;2920.0
46;2023;9;2900.0
46;2023;10;3040.0
46;2023;11;2850.0
46;2023;12;3020.0
46;2024;1;3090.0
46;2024;2;3200.0
46;2024;3;3220.0
46;2024;4;3360.0
46;2024;5;3400.0
46;2024;6;3230.0
46;2024;7;3240.0
46;2024;8;3230.0
46;2024;9;3320.0
46;2024;10;3320.0
46;2024;11;3410.0
46;2024;12;3250.0
47;2023;1;4110.0
47;2023;2;4060.0
47;2023;3;4270.0
47;2023;4;4240.0
47;2023;5;4150.0
47;2023;6;4070.0
47;2023;7;4070.0
47;2023;8;4120.0
47;2023;9;3880.0
47;2023;10;4010.0
47;2023;11;4020.0
47;2023;12;3840.0
47;2024;1;4430.0
47;2024;2;4630.0
47;2024;3;4530.0
47;2024;4;4640.0
47;2024;5;4570.0
47;2024;6;4510.0
47;2024;7;4710.0
47;2024;8;4290.0
47;2024;9;4610.0
47;2024;10;4610.0
47;2024;11;4550.0
47;2024;12;4400.0
48;2023;1;4300.0
48;2023;2;4230.0
48;2023;3;4100.0
48;2023;4;4160.0
48;2023;5;4100.0
48;2023;6;4330.0
48;2023;7;4290.0
48;2023;8;4370.0
48;2023;9;4140.0
48;2023;10;4020.0
48;2023;11;4050.0
48;2023;12;3930.0
48;2024;1;4680.0
48;2024;2;4580.0
48;2024;3;4790.0
48;2024;4;4490.0
48;2024;5;4750.0
48;2024;6;4660.0
48;2024;7;4720.0
48;2024;8;4470.0
48;2024;9;4450.0
48;2024;10;4710.0
48;2024;11;4600.0
48;2024;12;4390.0
49;2023;1;3780.0
49;2023;2;3770.0
49;2023;3;3690.0
49;2023;4;3760.0
49;2023;5;3660.0
49;2023;6;3700.0
49;2023;7;3790.0
49;2023;8;3610.0
49;2023;9;3660.0
49;2023;10;3690.0
49;2023;11;3610.0
49;2023;12;3930.0
49;2024;1;4150.0
49;2024;2;4110.0
49;2024;3;3950.0
49;2024;4;3710.0
49;2024;5;4130.0
49;2024;6;4120.0
49;2024;7;4070.0
49;2024;8;4160.0
49;2024;9;4070.0
49;2024;10;4130.0
49;2024;11;3990.0
49;2024;12;3910.0
50;2023;1;3620.0
50;2023;2;3690.0
50;2023;3;3600.0
50;2023;4;3570.0
50;2023;5;3560.0
50;2023;6;3700.0
50;2023;7;3640.0
50;2023;8;3620.0
50;2023;9;3440.0
50;2023;10;3760.0
50;2023;11;3710.0
50;2023;12;3620.0
50;2024;1;4120.0
50;2024;2;4040.0
50;2024;3;4030.0
50;2024;4;3970.0
50;2024;5;3950.0
50;2024;6;4050.0
50;2024;7;4040.0
50;2024;8;4080.0
50;2024;9;4060.0
50;2024;10;3730.0
50;2024;11;4340.0
50;2024;12;4120.0
51;2023;1;1960.0
51;2023;2;1950.0
51;2023;3;2050.0
51;2023;4;2090.0
51;2023;5;2100.0
51;2023;6;2070.0
51;2023;7;2090.0
51;2023;8;2100.0
51;2023;9;2070.0
51;2023;10;2020.0
51;2023;11;1870.0
51;2023;12;2030.0
51;2024;1;2260.0
51;2024;2;2250.0
51;2024;3;2160.0
51;2024;4;2170.0
51;2024;5;2080.0
51;2024;6;2090.0
52;2023;1;2130.0
52;2023;2;2090.0
52;2023;3;1950.0
52;2023;4;2070.0
52;2023;5;2050.0
52;2023;6;2150.0
52;2023;7;2020.0
52;2023;8;2040.0
52;2023;9;2080.0
52;2023;10;2070.0
52;2023;11;2030.0
52;2023;12;1960.0
52;2024;1;2210.0
52;2024;2;2220.0
52;2024;3;2200.0
52;2024;4;2230.0
52;2024;5;2270.0
52;2024;6;2140.0
53;2023;1;5820.0
53;2023;2;5970.0
53;2023;3;5540.0
53;2023;4;5860.0
53;2023;5;5880.0
53;2023;6;5800.0
53;2023;7;5610.0
53;2023;8;5610.0
53;2023;9;5710.0
53;2023;10;5740.0
53;2023;11;5590.0
53;2023;12;5510.0
53;2024;1;6160.0
53;2024;2;6280.0
53;2024;3;5870.0
53;2024;4;5970.0
53;2024;5;6590.0
53;2024;6;6070.0
53;2024;7;6400.0
53;2024;8;5840.0
53;2024;9;6450.0
53;2024;10;6250.0
53;2024;11;6160.0
53;2024;12;6630.0
54;2023;1;5900.0
54;2023;2;5890.0
54;2023;3;5970.0
54;2023;4;5700.0
54;2023;5;5650.0
54;2023;6;5790.0
54;2023;7;5790.0
54;2023;8;5690.0
54;2023;9;5920.0
54;2023;10;6020.0
54;2023;11;5850.0
54;2023;12;5710.0
54;2024;1;6000.0
54;2024;2;6260.0
54;2024;3;6390.0
54;2024;4;6350.0
54;2024;5;6000.0
54;2024;6;6200.0
54;2024;7;6070.0
54;2024;8;6150.0
54;2024;9;6160.0
54;2024;10;6270.0
54;2024;11;6170.0
54;2024;12;6320.0
55;2023;1;3910.0
55;2023;2;3800.0
55;2023;3;3940.0
55;2023;4;3840.0
55;2023;5;3980.0
55;2023;6;3850.0
55;2023;7;3830.0
55;2023;8;3720.0
55;2023;9;3720.0
55;2023;10;3610.0
55;2023;11;3740.0
55;2023;12;3790.0
55;2024;1;4230.0
55;2024;2;4100.0
55;2024;3;4040.0
55;2024;4;4030.0
55;2024;5;4280.0
55;2024;6;4230.0
55;2024;7;4260.0
55;2024;8;4050.0
55;2024;9;4220.0
55;2024;10;3940.0
55;2024;11;4170.0
55;2024;12;4130.0
56;2023;1;3880.0
56;2023;2;3950.0
56;2023;3;3780.0
56;2023;4;3780.0
56;2023;5;3800.0
56;2023;6;3800.0
56;2023;7;3910.0
56;2023;8;4140.0
56;2023;9;3620.0
56;2023;10;3900.0
56;2023;11;3730.0
56;2023;12;3820.0
56;2024;1;4060.0
56;2024;2;4090.0
56;2024;3;4040.0
56;2024;4;4090.0
56;2024;5;4330.0
56;2024;6;4010.0
56;2024;7;4180.0
56;2024;8;4100.0
56;2024;9;4310.0
56;2024;10;4210.0
56;2024;11;4210.0
56;2024;12;4150.0
57;2024;3;5270.0
57;2024;4;4990.0
57;2024;5;5030.0
57;2024;6;5140.0
57;2024;7;5130.0
57;2024;8;4830.0
57;2024;9;4880.0
57;2024;10;4890.0
57;2024;11;4960.0
57;2024;12;5230.0
58;2024;3;5200.0
58;2024;4;5130.0
58;2024;5;4970.0
58;2024;6;5110.0
58;2024;7;5070.0
58;2024;8;5290.0
58;2024;9;5120.0
58;2024;10;4920.0
58;2024;11;5120.0
58;2024;12;5140.0
59;2024;7;5310.0
59;2024;8;4970.0
59;2024;9;5250.0
59;2024;10;5200.0
59;2024;11;5130.0
59;2024;12;5260.0
60;2024;7;5030.0
60;2024;8;5280.0
60;2024;9;5000.0
60;2024;10;5230.0
60;2024;11;5130.0
60;2024;12;5100.0
61;2023;1;17760.0
61;2023;2;16860.0
61;2023;3;17330.0
61;2023;4;18280.0
61;2023;5;18120.0
61;2023;6;17240.0
61;2023;7;17340.0
61;2023;8;18310.0
61;2023;9;18730.0
61;2023;10;17850.0
61;2023;11;18350.0
61;2023;12;17120.0
61;2024;1;30360.0
61;2024;2;31640.0
61;2024;3;31520.0
61;2024;4;30220.0
61;2024;5;31160.0
61;2024;6;30640.0
61;2024;7;30240.0
61;2024;8;31860.0
61;2024;9;32410.0
61;2024;10;32190.0
61;2024;11;30090.0
61;2024;12;31800.0
62;2023;1;16890.0
62;2023;2;17570.0
62;2023;3;17610.0
62;2023;4;17490.0
62;2023;5;17600.0
62;2023;6;17920.0
62;2023;7;17600.0
62;2023;8;17500.0
62;2023;9;17980.0
62;2023;10;17800.0
62;2023;11;17960.0
62;2023;12;17870.0
62;2024;1;30380.0
62;2024;2;31190.0
62;2024;3;30870.0
62;2024;4;31970.0
62;2024;5;32320.0
62;2024;6;30040.0
62;2024;7;30580.0
62;2024;8;29840.0
62;2024;9;30210.0
62;2024;10;30840.0
62;2024;11;31070.0
62;2024;12;32120.0
63;2023;1;17630.0
63;2023;2;18180.0
63;2023;3;16840.0
63;2023;4;17740.0
63;2023;5;16910.0
63;2023;6;16540.0
63;2023;7;18240.0
63;2023;8;18680.0
63;2023;9;16980.0
63;2023;10;16940.0
63;2023;11;17760.0
63;2023;12;16310.0
63;2024;1;31340.0
63;2024;2;30360.0
63;2024;3;31340.0
63;2024;4;30960.0
63;2024;5;30510.0
63;2024;6;31070.0
63;2024;7;31790.0
63;2024;8;31600.0
63;2024;9;31210.0
63;2024;10;30760.0
63;2024;11;29850.0
63;2024;12;31140.0
64;2023;1;18260.0
64;2023;2;19310.0
64;2023;3;17280.0
64;2023;4;17060.0
64;2023;5;17200.0
64;2023;6;17300.0
64;2023;7;17670.0
64;2023;8;17400.0
64;2023;9;17860.0
64;2023;10;18060.0
64;2023;11;17700.0
65;2023;1;17420.0
65;2023;2;17950.0
65;2023;3;18250.0
65;2023;4;17160.0
65;2023;5;17710.0
65;2023;6;17970.0
65;2023;7;18280.0
65;2023;8;18740.0
65;2023;9;17590.0
65;2023;10;16220.0
65;2023;11;17810.0
65;2023;12;18280.0
65;2024;1;32020.0
65;2024;2;31480.0
65;2024;3;30670.0
65;2024;4;30500.0
65;2024;5;31710.0
65;2024;6;31470.0
65;2024;7;32010.0
65;2024;8;30830.0
65;2024;9;32780.0
65;2024;10;30050.0
65;2024;11;31220.0
65;2024;12;29220.0
66;2023;1;17620.0
66;2023;2;17030.0
66;2023;3;16880.0
66;2023;4;17990.0
66;2023;5;17430.0
66;2023;6;17130.0
66;2023;7;17910.0
66;2023;8;17500.0
66;2023;9;17620.0
66;2023;10;17990.0
66;2023;11;17260.0
66;2023;12;17410.0
66;2024;1;32560.0
66;2024;2;29970.0
66;2024;3;31830.0
66;2024;4;29950.0
66;2024;5;31090.0
66;2024;6;31980.0
66;2024;7;33940.0
66;2024;8;29290.0
66;2024;9;32650.0
66;2024;10;31420.0
66;2024;11;31400.0
66;2024;12;32580.0
67;2023;1;16230.0
67;2023;2;15310.0
67;2023;3;14750.0
67;2023;4;15880.0
67;2023;5;15840.0
67;2023;6;15870.0
67;2023;7;14700.0
67;2023;8;15150.0
67;2023;9;14910.0
67;2023;10;14560.0
67;2023;11;15240.0
67;2023;12;15480.0
67;2024;1;26690.0
68;2023;1;14670.0
68;2023;2;15400.0
68;2023;3;15060.0
68;2023;4;14450.0
68;2023;5;15310.0
68;2023;6;14960.0
68;2023;7;15230.0
68;2023;8;15430.0
68;2023;9;14730.0
68;2023;10;15630.0
68;2023;11;15150.0
68;2023;12;15390.0
68;2024;1;26710.0
68;2024;2;26700.0
68;2024;3;27480.0
68;2024;4;26580.0
68;2024;5;26200.0
68;2024;6;27110.0
68;2024;7;27430.0
68;2024;8;25360.0
68;2024;9;26730.0
68;2024;10;27190.0
68;2024;11;26580.0
68;2024;12;26910.0
69;2023;1;15070.0
69;2023;2;15120.0
69;2023;3;15310.0
69;2023;4;15530.0
69;2023;5;15420.0
69;2023;6;14540.0
69;2023;7;15710.0
69;2023;8;15530.0
69;2023;9;15200.0
69;2023;10;15150.0
69;2023;11;15570.0
69;2023;12;15020.0
69;2024;1;25090.0
69;2024;2;26470.0
69;2024;3;26700.0
69;2024;4;26280.0
69;2024;5;26430.0
69;2024;6;26920.0
69;2024;7;26980.0
69;2024;8;25750.0
69;2024;9;26240.0
69;2024;10;26440.0
69;2024;11;26890.0
69;2024;12;26220.0
70;2023;1;15650.0
70;2023;2;15190.0
70;2023;3;15420.0
70;2023;4;15610.0
70;2023;5;16260.0
70;2023;6;15060.0
70;2023;7;15070.0
70;2023;8;15230.0
70;2023;9;15500.0
70;2023;10;15080.0
70;2023;11;15340.0
70;2023;12;15370.0
70;2024;1;26520.0
70;2024;2;27680.0
70;2024;3;26950.0
70;2024;4;25200.0
70;2024;5;26570.0
70;2024;6;27290.0
70;2024;7;27550.0
70;2024;8;28300.0
70;2024;9;28680.0
70;2024;10;28430.0
70;2024;11;26700.0
70;2024;12;26630.0
71;2023;1;6780.0
71;2023;2;7040.0
71;2023;3;6860.0
71;2023;4;6960.0
71;2023;5;7140.0
71;2023;6;6810.0
71;2023;7;6980.0
71;2023;8;7190.0
71;2023;9;7040.0
71;2023;10;6550.0
71;2023;11;6730.0
71;2023;12;6720.0
71;2024;1;12170.0
71;2024;2;12510.0
71;2024;3;12570.0
71;2024;4;12310.0
71;2024;5;12130.0
71;2024;6;11750.0
71;2024;7;12210.0
71;2024;8;12340.0
71;2024;9;12050.0
71;2024;10;11990.0
71;2024;11;12170.0
71;2024;12;12360.0
72;2023;1;6950.0
72;2023;2;6990.0
72;2023;3;6490.0
72;2023;4;6530.0
72;2023;5;6880.0
72;2023;6;6800.0
72;2023;7;7240.0
72;2023;8;6710.0
72;2023;9;6970.0
72;2023;10;6930.0
72;2023;11;6930.0
72;2023;12;6920.0
72;2024;1;11590.0
72;2024;2;12370.0
72;2024;3;12100.0
72;2024;4;11940.0
72;2024;5;12390.0
72;2024;6;12100.0
72;2024;7;11630.0
72;2024;8;11890.0
72;2024;9;12770.0
72;2024;10;11830.0
72;2024;11;11390.0
72;2024;12;12510.0
73;2023;1;6940.0
73;2023;2;6920.0
73;2023;3;7070.0
73;2023;4;6630.0
73;2023;5;6890.0
73;2023;6;6810.0
73;2023;7;6890.0
73;2023;8;7170.0
73;2023;9;6720.0
73;2023;10;7010.0
73;2023;11;6630.0
73;2023;12;6890.0
73;2024;1;11970.0
73;2024;2;12250.0
73;2024;3;11720.0
73;2024;4;12140.0
73;2024;5;11160.0
73;2024;6;12530.0
73;2024;7;11840.0
73;2024;8;11690.0
73;2024;9;11990.0
73;2024;10;11900.0
73;2024;11;11710.0
73;2024;12;11730.0
74;2023;1;6760.0
74;2023;2;6900.0
74;2023;3;7400.0
74;2023;4;6640.0
74;2023;5;6890.0
74;2023;6;7130.0
74;2023;7;6940.0
74;2023;8;6880.0
74;2023;9;6790.0
74;2023;10;6680.0
74;2023;11;6490.0
74;2023;12;6950.0
74;2024;1;12440.0
74;2024;2;11890.0
74;2024;3;12880.0
74;2024;4;12010.0
74;2024;5;11690.0
74;2024;6;12050.0
74;2024;7;12030.0
74;2024;8;12090.0
74;2024;9;11710.0
74;2024;10;12130.0
74;2024;11;11470.0
74;2024;12;12160.0
75;2024;6;5370.0
75;2024;7;5290.0
75;2024;8;5470.0
75;2024;9;5060.0
75;2024;10;5690.0
75;2024;11;5500.0
75;2024;12;5560.0
76;2023;7;4880.0
76;2023;8;5000.0
76;2023;9;4750.0
76;2023;10;4870.0
76;2023;11;4670.0
76;2023;12;5120.0
76;2024;1;5330.0
76;2024;2;5450.0
76;2024;3;5550.0
76;2024;4;5650.0
76;2024;5;5590.0
76;2024;6;5430.0
76;2024;7;5570.0
76;2024;8;5260.0
76;2024;9;5450.0
76;2024;10;5530.0
76;2024;11;5420.0
76;2024;12;5360.0
77;2024;7;7420.0
77;2024;8;7650.0
77;2024;9;7500.0
77;2024;10;7000.0
77;2024;11;7350.0
77;2024;12;7430.0
78;2024;6;14320.0
78;2024;7;13910.0
78;2024;8;13290.0
78;2024;9;14240.0
78;2024;10;13770.0
78;2024;11;13720.0
78;2024;12;13880.0
79;2024;7;3750.0
79;2024;8;3610.0
79;2024;9;3780.0
79;2024;10;3840.0
79;2024;11;3710.0
79;2024;12;3690.0
80;2024;2;26440.0
80;2024;3;26370.0
80;2024;4;27240.0
80;2024;5;26400.0
80;2024;6;25740.0
80;2024;7;26200.0
80;2024;8;27850.0
80;2024;9;26430.0
80;2024;10;26520.0
80;2024;11;26680.0
80;2024;12;27310.0
81;2023;10;5380.0
81;2023;11;5220.0
81;2023;12;5230.0
81;2024;1;5640.0
81;2024;2;5510.0
81;2024;3;5880.0
81;2024;4;5560.0
81;2024;5;5510.0
81;2024;6;5490.0
81;2024;7;5740.0
81;2024;8;5890.0
81;2024;9;5520.0
81;2024;10;5610.0
81;2024;11;5480.0
81;2024;12;5710.0
82;2023;11;17680.0
82;2023;12;17420.0
82;2024;1;30340.0
82;2024;2;30150.0
82;2024;3;30220.0
82;2024;4;30810.0
82;2024;5;30120.0
82;2024;6;31670.0
82;2024;7;31210.0
82;2024;8;31650.0
82;2024;9;32110.0
82;2024;10;31540.0
82;2024;11;31710.0
82;2024;12;31210.0
