cod_vendedor;nome_vendedor;canal;cod_loja;data_admissao;data_desligamento
1;Olívia Santos Fernandes;Loja Física;1;2022-11-01;
2;Leonardo Almeida Lima;Loja Física;1;2018-10-01;
3;Nicolas Teixeira Ferreira;Loja Física;1;2017-07-01;
4;Elaine Oliveira Santos;Loja Física;2;2019-03-01;
5;Lucas Carvalho Almeida;Loja Física;2;2017-07-01;
6;Bianca Monteiro Santos;Loja Física;2;2019-04-01;
7;Caio Teixeira Marques;Loja Física;3;2020-08-01;
8;Helena Mendes Cavalcanti;Loja Física;3;2021-03-01;
9;Renato Silva Costa;Loja Física;4;2022-05-01;2024-05-19
10;Elaine Dias Fernandes;Loja Física;4;2017-05-01;
11;Thiago Carvalho Dias;Loja Física;5;2020-10-01;
12;Nicolas Ferreira Moreira;Loja Física;5;2022-10-01;
13;Mariana Nascimento Nascimento;Loja Física;6;2021-07-01;
14;Otávio Oliveira Freitas;Loja Física;6;2016-01-01;
15;Flávia Pereira Moreira;Loja Física;7;2020-10-01;2023-10-21
16;Karina Araújo Vieira;Loja Física;7;2017-11-01;
17;Larissa Moura Martins;Loja Física;8;2016-10-01;
18;Isabela Oliveira Almeida;Loja Física;8;2019-10-01;
19;Tatiane Ferreira Almeida;Loja Física;9;2018-04-01;2024-05-30
20;Mariana Moreira Fernandes;Loja Física;9;2016-10-01;2023-07-06
21;Luana Andrade Costa;Loja Física;10;2018-04-01;
22;Matheus Nascimento Carvalho;Loja Física;10;2021-12-01;2024-06-26
23;Patrícia Rodrigues Monteiro;Loja Física;11;2019-06-01;
24;Vinícius Teixeira Lopes;Loja Física;11;2019-05-01;
25;Úrsula Freitas Moreira;Loja Física;12;2020-06-01;
26;Patrícia Araújo Almeida;Loja Física;12;2019-11-01;
27;Marcos Souza Almeida;Loja Física;13;2018-07-01;
28;Eduarda Rocha Nunes;Loja Física;13;2018-09-01;
29;Patrícia Rodrigues Carvalho;Loja Física;14;2022-07-01;
30;Letícia Carvalho Ramos;Loja Física;14;2017-09-01;2024-06-22
31;Priscila Freitas Gomes;Loja Física;15;2018-09-01;
32;Otávio Lima Lopes;Loja Física;15;2020-06-01;
33;Flávia Soares Cavalcanti;Loja Física;16;2022-01-01;
34;Elaine Cavalcanti Nunes;Loja Física;16;2019-08-01;
35;Larissa Almeida Lima;Loja Física;17;2020-10-01;
36;Cláudio Ramos Ferreira;Loja Física;17;2021-10-01;
37;Gabriela Pereira Gomes;Loja Física;18;2018-11-01;
38;Úrsula Machado Monteiro;Loja Física;18;2022-07-01;
39;Isabela Moreira Moreira;Loja Física;19;2020-08-01;
40;Murilo Santana Soares;Loja Física;19;2016-07-01;
41;Bruno Pereira Teixeira;Loja Física;20;2019-10-01;
42;Patrícia Dias Pereira;Loja Física;20;2019-04-01;
43;Tatiane Machado Costa;Loja Física;21;2020-09-01;
44;Luana Silva Soares;Loja Física;21;2017-12-01;
45;Bianca Ribeiro Gonçalves;Loja Física;22;2022-10-01;
46;Nicolas Barbosa Gonçalves;Loja Física;22;2021-03-01;
47;Caio Gomes Andrade;Loja Física;23;2021-10-01;
48;Úrsula Teixeira Santana;Loja Física;23;2020-11-01;
49;Ana Monteiro Rocha;Loja Física;24;2020-05-01;
50;Talita Santos Pereira;Loja Física;24;2022-06-01;
51;Larissa Barbosa Lopes;Loja Física;25;2022-02-01;2024-06-30
52;Henrique Lopes Moura;Loja Física;25;2022-06-01;2024-06-30
53;Karina Ferreira Ramos;Loja Física;26;2022-01-01;
54;Isabela Teixeira Lima;Loja Física;26;2016-02-01;
55;Quésia Cardoso Araújo;Loja Física;27;2018-10-01;
56;Vinícius Soares Santana;Loja Física;27;2020-08-01;
57;Elaine Carvalho Teixeira;Loja Física;28;2024-03-01;
58;Caio Barbosa Nunes;Loja Física;28;2024-03-01;
59;Matheus Mendes Santana;Loja Física;29;2024-07-15;
60;Jéssica Pereira Lopes;Loja Física;29;2024-07-15;
61;Helena Rodrigues Dias;E-commerce;30;2019-03-01;
62;Carla Cavalcanti Araújo;E-commerce;30;2020-06-01;
63;Igor Cavalcanti Almeida;E-commerce;30;2022-12-01;
64;Ana Rodrigues Souza;E-commerce;30;2017-11-01;2023-11-07
65;Igor Rodrigues Oliveira;E-commerce;30;2020-07-01;
66;Camila Rodrigues Gonçalves;E-commerce;30;2017-07-01;
67;Juliana Fernandes Ramos;E-commerce;31;2016-10-01;2024-01-23
68;Fábio Teixeira Lima;E-commerce;31;2019-12-01;
69;Renata Lopes Cardoso;E-commerce;31;2018-07-01;
70;Aline Martins Alves;E-commerce;31;2020-07-01;
71;Mariana Machado Nascimento;E-commerce;32;2022-03-01;
72;Elaine Marques Freitas;E-commerce;32;2018-10-01;
73;Gabriela Alves Souza;E-commerce;32;2016-06-01;
74;Ricardo Dias Alves;E-commerce;32;2017-04-01;
75;Leonardo Martins Martins;Loja Física;9;2024-06-08;
76;Flávia Mendes Lima;Loja Física;9;2023-07-24;
77;Elaine Ribeiro Fernandes;Loja Física;14;2024-07-09;
78;Murilo Lopes Rodrigues;Loja Física;4;2024-06-11;
79;Guilherme Araújo Alves;Loja Física;10;2024-07-05;
80;Gabriela Teixeira Silva;E-commerce;31;2024-02-05;
81;Lucas Lopes Costa;Loja Física;7;2023-10-29;
82;Aline Ramos Cardoso;E-commerce;30;2023-11-22;
